{
  "NP": 218.56116938134932,
  "avg_power": 142.48,
  "avg_pulse": 146.1,
  "calibrated": false,
  "cda": 0.3,
  "crr": 0.005,
  "effektivitet": 1.5788272872461784,
  "mae": 0.0,
  "mode": "normal",
  "reason": "calibration_context_missing",
  "status": "OK",
  "session_id": "golden_outdoor",
  "duration_sec": 30.0,
  "duration_min": 0.5,
  "watts": [
    109.72875059999998,
    171.19248699375035,
    113.33730870000002,
    175.62335353124976,
    117.03075929999999,
    180.1396638187503,
    120.8102049,
    184.74252035624977,
    124.676748,
    124.676748,
    189.4330256437498,
    128.63149109999998,
    128.63149109999998,
    194.2122821812497,
    132.67553669999998,
    130.64228218124993,
    126.64302564375001,
    122.73252035625,
    118.90966381874999,
    115.17335353124999,
    113.33730870000002,
    175.62335353124976,
    180.1396638187503,
    184.74252035624977,
    124.676748,
    189.4330256437498,
    128.63149109999998,
    126.64302564375001,
    122.73252035625,
    118.90966381874999
  ],
  "wind_rel": [
    0.0
  ],
  "v_rel": [
    7.926666666666667
  ],
  "avg_hr": 146.1,
  "np": 142.23,
  "vi": 1.0,
  "pa_hr": 0.98,
  "pa_hr_pct": 97.52,
  "w_per_beat": 0.98,
  "PrecisionWatt": "±7.4 W",
  "w_per_beat_baseline": 0.98,
  "duration_s": 30.0,
  "samples": 30,
  "precision_watt": 7.4,
  "if_": 0.0
}