{
  "avg_pulse": 162.525,
  "calibrated": "Nei",
  "cda": 0.3,
  "crr": 0.005,
  "effektivitet": 1.4959237040455313,
  "mae": 0.0,
  "mode": "normal",
  "reason": "calibration_context_missing",
  "status": "OK",
  "np": 1037.86,
  "avg_power": 1068.78,
  "avg_hr": 162.53,
  "session_id": "strava_segment",
  "duration_sec": 40.0,
  "duration_min": 0.67,
  "watts": [
    45.72460620000001,
    852.5370150937497,
    855.2479816312502,
    902.3253704999997,
    909.6680966999999,
    1506.2495919000003,
    1559.9990000999999,
    1551.7371117187497,
    1578.03508925625,
    1604.4030755437495,
    1630.8421730812497,
    1579.7521730812498,
    1554.0930755437498,
    1528.50508925625,
    1490.2540316999996,
    63.82933239374999,
    160.19777910000008,
    379.5222014999998,
    484.90122305625016,
    547.5196638187496,
    686.4067941000004,
    541.55700159375,
    587.85019678125,
    385.5062030999994,
    221.995935,
    193.8762945,
    926.1334229437499,
    895.5609821812501,
    1636.0413824999998,
    1696.1276744999998,
    1605.48348436875,
    1541.2902623999998,
    1490.2540316999996,
    1452.1567728937498,
    1414.2095919,
    1506.2495919000003,
    1746.73711171875,
    1875.41514440625,
    1145.42010834375,
    417.42335353125
  ],
  "wind_rel": [
    0.0,
    0.0,
    0.0,
    0.0,
    0.0,
    0.0,
    0.0,
    0.0,
    0.0,
    0.0,
    0.0,
    0.0,
    0.0,
    0.0,
    0.0,
    0.0,
    0.0,
    0.0,
    0.0,
    0.0,
    0.0,
    0.0,
    0.0,
    0.0,
    0.0,
    0.0,
    0.0,
    0.0,
    0.0,
    0.0,
    0.0,
    0.0,
    0.0,
    0.0,
    0.0,
    0.0,
    0.0,
    0.0,
    0.0,
    0.0
  ],
  "v_rel": [
    5.2,
    5.25,
    5.35,
    5.5,
    5.699999999999999,
    5.9,
    6.1,
    6.25,
    6.35,
    6.45,
    6.55,
    6.55,
    6.45,
    6.35,
    6.199999999999999,
    6.05,
    6.1,
    6.5,
    7.15,
    7.85,
    8.6,
    9.25,
    9.75,
    10.1,
    10.0,
    9.5,
    8.85,
    8.15,
    7.5,
    7.0,
    6.65,
    6.4,
    6.199999999999999,
    6.05,
    5.9,
    5.9,
    6.25,
    6.75,
    7.25,
    7.75
  ],
  "vi": 0.97,
  "pa_hr": 6.58,
  "pa_hr_pct": 657.61,
  "w_per_beat": 6.58,
  "PrecisionWatt": "±119.8 W",
  "w_per_beat_baseline": 6.58,
  "schema_version": "0.7.0"
}