{
  "calibrated": false,
  "cg_build": "T15-cg_build-20251216",
  "metrics": {
    "cg_build": "T15-cg_build-20251216",
    "core_n_device_samples": 0,
    "core_watts_source": "disabled_no_powermeter",
    "drag_watt": 1.2866060936162453,
    "eff_used": 0.955,
    "gravity_watt": 0.13881397691871086,
    "gravity_watt_pedal": 27.50001753778625,
    "model_watt_crank": 2.2669337480565765,
    "model_watt_wheel": 2.1649217293940306,
    "model_watt_wheel_pedal": 42.88504436086517,
    "model_watt_wheel_pedal_elapsed": 4.480128391065239,
    "model_watt_wheel_pedal_moving": 42.88504436086517,
    "pedal_ratio_elapsed_over_moving": 0.10446831658529399,
    "precision_watt": 2.2669337480565765,
    "precision_watt_avg": 2.1649217293940306,
    "precision_watt_crank": 2.2669337480565765,
    "precision_watt_pedal": 44.90580561347139,
    "profile_used": {
      "calibrated": false,
      "weight_kg": 112.2,
      "cda": 0.3,
      "crr": 0.004,
      "crank_eff_pct": 95.5,
      "device": "strava",
      "profile_version": "v1-f3ec4656-20260121"
    },
    "rolling_watt": 0.7395016588590744,
    "total_watt": 2.1649217293940306,
    "total_watt_pedal": 42.88504436086517,
    "wind_effect": 0.55,
    "precision_watt_signed": 2.1649217293940306,
    "total_watt_signed": 2.1649217293940306,
    "gravity_watt_signed": 0.13881397691871086,
    "model_watt_wheel_signed": 2.1649217293940306,
    "weather_used": {
      "air_temp_c": 3.1,
      "air_pressure_hpa": 1008.4,
      "wind_ms": 4.520833333333333,
      "wind_dir_deg": 153.0,
      "meta": {
        "windspeed_10m_ms": 6.027777777777778,
        "reduce_factor": 0.75,
        "source": "open-meteo/era5"
      },
      "dir_is_from": true
    },
    "weather_meta": {
      "provider": "open-meteo/era5",
      "lat_used": 59.426554,
      "lon_used": 10.455034,
      "ts_hour": 1768554000,
      "height": "10m->2m",
      "unit_wind": "m/s",
      "cache_key": "om:59.4266:10.455:1768554000"
    },
    "weather_fp": "7565089c0ec26e090dd2bc2645b15acc7c425464",
    "weather_source": "open-meteo/era5",
    "weather_applied": true,
    "calibration_mae": null,
    "calibrated": false,
    "calibration_status": "not_available",
    "estimated_error_pct_range": [
      null,
      null
    ],
    "precision_quality_hint": "no-heuristics-available"
  },
  "precision_watt_avg": 44.90580561347139,
  "source": "rust_1arg",
  "v_rel": [
    0.1,
    0.1,
    3.0851124335486344,
    0.1,
    0.1,
    2.0524150819854503,
    3.3979535450919793,
    0.8766926307308318,
    1.3601273754807663,
    0.1,
    0.1,
    0.1,
    0.1,
    0.1,
    0.1,
    4.505585830980102,
    0.1274791884586557,
    3.9135793136448984,
    4.039839748646537,
    5.096391467283867,
    4.828327732803271,
    4.916391136580097,
    6.157183280914414,
    4.849744137094904,
    2.407153517822448,
    4.6951273943983285,
    2.0468554318430776,
    3.200757318115455,
    4.648091994768247,
    3.775633082859121,
    3.0366715661080352,
    2.417222719746128,
    1.9801126659442791,
    4.017948467117676,
    4.648091994768247,
    1.5848697767796671,
    3.0379984965463285,
    1.120953093830502,
    1.332585047384631,
    2.878826798076,
    5.807379583350904,
    4.24832617235062,
    2.5774785766900132,
    0.7146340882919611,
    0.1,
    0.30702518459687184,
    0.1,
    0.1,
    0.1,
    0.7148410841547108,
    0.2031904340327189,
    0.1,
    0.1,
    0.1,
    0.1,
    0.1,
    0.43606700962331474,
    2.05241459761095,
    1.2760255736332964,
    2.052413840880936,
    2.7324139619432843,
    1.566782419915417,
    1.87680824553967,
    1.7360667379960124,
    1.116709218014778,
    0.1,
    0.1,
    0.1,
    0.1,
    0.18955193249473123,
    1.636795589978169,
    0.1,
    0.1,
    0.3036987787404861,
    0.17112974656051355,
    0.1,
    0.1,
    1.8248759507899672,
    0.4598752795782386,
    0.4672557542842119,
    0.1,
    0.1,
    0.1,
    0.1,
    0.1,
    0.1,
    0.1,
    0.1,
    0.1,
    0.1,
    0.1,
    0.1,
    0.1,
    0.1,
    1.2611163282844489,
    0.1,
    0.1,
    0.1,
    0.1,
    0.1,
    0.1,
    0.1,
    0.1,
    0.1,
    0.1,
    0.1,
    0.1,
    3.648313745463515,
    4.896473636986751,
    4.876177822158541,
    5.698665259292305,
    6.468467068154438,
    6.625662759434249,
    0.1,
    0.1,
    0.1,
    0.1,
    0.1,
    0.1,
    0.1,
    0.1,
    0.1,
    0.1,
    0.1,
    0.1,
    0.8199944219869759,
    0.1,
    0.1,
    0.1,
    0.1,
    0.1,
    0.1,
    0.1,
    0.1,
    0.1,
    0.1,
    0.1,
    0.1,
    5.855987398563018,
    0.1,
    0.1,
    0.1,
    5.2319080052317535,
    4.531908005231754,
    6.939843561359915,
    0.1,
    0.1,
    0.1,
    3.924526881538382,
    0.1,
    0.1,
    0.1,
    0.1,
    0.1,
    5.113839711312583,
    4.314500162174919,
    0.1,
    2.0524153590514342,
    2.0524153590514342,
    2.0524153590514342,
    0.1,
    0.1,
    4.028091994768247,
    0.1,
    4.103305437707865,
    4.080091994768247,
    3.789013010796499,
    4.267126932990223,
    0.1,
    4.079091994768247,
    3.737012878924793,
    0.1,
    0.1,
    0.1,
    5.249729722228519,
    5.329409230103126,
    5.378729668212051,
    5.356775386837756,
    4.806729621635276,
    4.720775295434175,
    4.82140913839029,
    4.8067295445848,
    4.720775144361889,
    4.8067294988387275,
    4.821409063129787,
    4.806729444429218,
    4.7207749465933695,
    0.1,
    0.1,
    0.1,
    0.1,
    0.1,
    0.1,
    0.1,
    0.1,
    2.2874153590514275,
    4.028091994768247,
    4.520832221524802,
    3.1556376877028476,
    0.1,
    0.1
  ],