{
  "calibrated": false,
  "cg_build": "T15-cg_build-20251216",
  "metrics": {
    "cg_build": "T15-cg_build-20251216",
    "core_n_device_samples": 0,
    "core_watts_source": "disabled_no_powermeter",
    "drag_watt": 1.3793654690325912,
    "eff_used": 0.955,
    "gravity_watt": 0.0,
    "gravity_watt_pedal": 0.0,
    "model_watt_crank": 7.092742966019548,
    "model_watt_wheel": 6.7735695325486684,
    "model_watt_wheel_pedal": 10.962081401045085,
    "model_watt_wheel_pedal_elapsed": 6.773569532548664,
    "model_watt_wheel_pedal_moving": 10.962081401045085,
    "pedal_ratio_elapsed_over_moving": 0.6179090707995378,
    "precision_watt": 7.092742966019548,
    "precision_watt_avg": 6.7735695325486684,
    "precision_watt_crank": 7.092742966019548,
    "precision_watt_pedal": 11.478619268110037,
    "profile_used": {
      "calibrated": false,
      "weight_kg": 111.8,
      "cda": 0.3,
      "crr": 0.004,
      "crank_eff_pct": 95.5,
      "device": "strava",
      "profile_version": "v1-4a91c7ca-20260121"
    },
    "rolling_watt": 5.394204063516077,
    "total_watt": 6.7735695325486684,
    "total_watt_pedal": 10.962081401045085,
    "wind_effect": 0.55,
    "precision_watt_signed": 6.7735695325486684,
    "total_watt_signed": 6.7735695325486684,
    "gravity_watt_signed": 0.0,
    "model_watt_wheel_signed": 6.7735695325486684,
    "calibration_mae": null,
    "calibrated": false,
    "calibration_status": "not_available",
    "estimated_error_pct_range": [
      null,
      null
    ],
    "precision_quality_hint": "no-heuristics-available",
    "weather_applied": false
  },
  "precision_watt_avg": 11.478619268110037,
  "source": "rust_1arg",
  "v_rel": [
    0.1,
    0.1,
    0.1,
    0.1,
    0.25,
    1.289,
    1.757,
    1.992,
    2.1,
    2.133,
    2.144,
    2.155,
    2.194,
    2.253,
    2.367,
    2.436,
    2.485,
    2.531,
    2.554,
    2.569,
    2.581,
    2.619,
    2.669,
    2.681,
    2.669,
    2.675,
    2.675,
    1.532,
    0.269,
    0.1,
    1.547,
    2.076,
    2.427,
    2.488,
    1.827,
    0.1,
    0.229,
    0.9,
    1.743,
    2.082,
    2.56,
    3.05,
    3.05,
    3.05,
    3.05,
    3.064,
    3.079,
    2.062,
    2.086,
    3.157,
    3.157,
    3.157,
    3.15,
    3.15,
    3.157,
    3.157,
    3.229,
    3.307,
    3.321,
    3.321,
    3.321,
    3.329,
    3.454,
    3.633,
    3.617,
    3.608,
    2.081,
    0.668,
    0.1,
    0.1,
    0.1,
    0.1,
    0.1,
    0.1,
    0.1,
    0.1,
    0.1,
    0.1,
    0.1,
    0.1,
    0.1,
    0.1,
    0.1,
    0.1,
    0.1,
    0.1,
    0.1,
    0.1,
    0.1,
    0.1,
    0.1,
    0.1,
    0.1,
    0.1,
    0.1,
    0.1,
    0.1,
    0.1,
    0.1,
    1.25,
    1.557,
    1.593,
    2.833,
    3.064,
    3.262,
    3.35,
    3.358,
    0.749,
    0.144,
    0.1,
    0.1,
    0.1,
    0.1,
    0.4,
    1.167,
    1.517,
    1.66,
    1.76,
    1.36,
    1.063,
    0.608,
    1.105,
    0.912,
    0.5,
    0.386,
    0.341,
    0.867,
    0.873,
    0.867,
    0.86,
    0.864,
    0.875,
    0.873,
    0.862,
    0.869,
    0.981,
    0.591,
    0.1,
    0.37,
    1.503,
    3.279,
    3.354,
    3.358,
    3.358,
    3.358,
    3.358,
    1.826,
    1.673,
    2.535,
    2.793,
    0.833,
    0.23,
    0.1,
    0.1,
    0.1,
    0.1,
    0.1,
    0.1,
    0.1,
    0.475,
    0.438,
    0.1,
    0.1,
    0.1,
    0.1,
    0.1,
    0.1,
    0.24,
    0.658,
    1.5,
    1.463,
    1.463,
    1.47,
    1.464,
    1.46,
    1.464,
    1.464,
    1.492,
    2.027,
    1.564,
    1.608,
    2.619,
    2.706,
    1.346,
    1.0,
    1.809,
    1.615,
    0.188,
    0.101,
    0.224,
    0.1,
    0.1,
    0.286,
    0.792,
    1.29,
    0.822,
    0.1,
    0.1,
    0.1,
    0.463,
    0.967,
    1.5,
    1.653,
    1.575,
    1.117
  ],
  "watts": [
    0.00013500000000000003,
    0.00013500000000000003,
    0.00013500000000000003,
    0.00013500000000000003,
    1.8519323770833331,
    19.40501062764,
    19.042069611604997,
    21.192693543455,
    17.407082378100007,
    14.864737542269998,
    13.579544980815006,
    13.575020166949988,
    14.294305614415004,
    15.36256460067556,
    17.724808335004997,
    18.821441586584996,
    17.244780134049996,
    17.54973729808501,
    17.494367970014977,
    16.86778184074,
    16.868885683285,
    18.05887436896501,
    18.908410355114995,
    17.714228688785,
    17.230854792964998,
    17.455805437324987,
    17.248203989374996,
    12.016624649405,
    4.939094363390001,
    0.9978439577,
    17.116453477954998,
    28.99436698461834,
    24.08946405873,
    17.645914766844996,
    12.650520180829998,
    5.007866499225,
    1.1178760667566667,
    11.662466964075,
    21.797881797970003,
    20.763044369054995,
    32.707764100778576,
    41.15901254174999,
    20.550152292499995,
    20.550152292499995,
    20.550152292499995,
    21.32505856839001,
    21.514157158647148,
    15.274854362455,
    13.389887040031429,
    63.46038840358001,
    21.554149044505003,
    21.554149044505003,
    21.506769488224997,
    21.4875827775,
    21.88752363378001,
    21.554149044505003,
    25.720571669922144,
    26.86852061317642,
    23.85278959463501,
    23.150152616085,
    23.150152616085,
    23.632740527765,
    32.054185232165,
    37.71740892655332,
    26.260162019005,
    26.144070207995,
    16.80992005661,
    7.575135877895,
    2.1051912624,
    0.2742308675,
    0.00013500000000000003,
    0.00013500000000000003,
    0.00013500000000000003,
    0.00013500000000000003,
    0.00013500000000000003,
    0.00013500000000000003,
    0.00013500000000000003,
    0.00013500000000000003,
    0.00013500000000000003,
    0.00013500000000000003,
    0.00013500000000000003,
    0.00013500000000000003,
    0.00013500000000000003,
    0.00013500000000000003,
    0.091819706425,
    0.22027188574090908,
    0.24408032207499997,
    0.31895086749999996,
    0.315345247625,
    0.156369644475,
    0.00013500000000000003,
    0.00013500000000000003,
    0.00013500000000000003,
    0.00013500000000000003,
    0.00013500000000000003,
    0.00013500000000000003,
    0.00013500000000000003,
    0.00013500000000000003,
    0.00013500000000000003,
    13.394731329861113,
    10.738792287701052,
    9.972136431945,
    59.028541044473585,
    30.924921235914994,
    33.694697176329996,
    28.6195527841,
    23.99814381802,
    11.31384289434,
    2.448079204615,
    0.3948330491999999,
    0.00013500000000000003,
    0.00013500000000000003,
    0.00013500000000000003,
    4.0863568033333335,
    26.90483941289667,
    25.332178897788328,
    22.023548120475,
    16.482668428500006,
    8.891377626,
    6.80349907087,
    4.610483967044999,
    8.05014727465,
    5.630917968754999,
    3.8871086491,
    2.4362535676099997,
    1.9980299525600005,
    8.473246261262142,
    5.0049878077950005,
    4.857249533505,
    4.8195031917249995,
    4.876731782473334,
    5.035185105616666,
    4.881016477195001,
    4.842031331404999,
    4.917858716639999,
    6.089183827785,
    4.336654421685,
    1.6200415769249998,
    1.3688433192954546,
    22.538735976562855,
    85.68805790868642,
    27.909165432915017,
    23.759271919386663,
    23.52010188742,
    23.52010188742,
    23.52010188742,
    15.03106214796,
    10.22276651312,
    39.078899755025006,
    28.52253145438072,
    10.016747443045,
    2.9152816165249997,
    0.79501301575,
    0.16459252049999998,
    0.00013500000000000003,
    0.00013500000000000003,
    0.00013500000000000003,
    0.28090911472499996,
    0.5579919055583333,
    2.929790274583333,
    2.513839005995,
    1.47477076715,
    0.52091714825,
    0.24682128075,
    0.00013500000000000003,
    0.00013500000000000003,
    0.00013500000000000003,
    0.981680322,
    12.991264882270002,
    31.763691920649997,
    8.544194133369999,
    8.442778662395,
    8.659342882108328,
    8.46557377389,
    8.4347015257,
    8.547131920473333,
    8.44912802184,
    9.21160925418,
    23.924888412030008,
