{
  "calibrated": false,
  "cg_build": "T15-cg_build-20251216",
  "metrics": {
    "cg_build": "T15-cg_build-20251216",
    "core_n_device_samples": 0,
    "core_watts_source": "disabled_no_powermeter",
    "drag_watt": 0.02923702556449225,
    "eff_used": 0.955,
    "gravity_watt": 0.0,
    "gravity_watt_pedal": 0.0,
    "model_watt_crank": 0.16007884445085674,
    "model_watt_wheel": 0.1528752964505682,
    "model_watt_wheel_pedal": 1.9595774819889187,
    "model_watt_wheel_pedal_elapsed": 0.15287529645056822,
    "model_watt_wheel_pedal_moving": 1.9595774819889187,
    "pedal_ratio_elapsed_over_moving": 0.07801441783021709,
    "precision_watt": 0.16007884445085674,
    "precision_watt_avg": 0.1528752964505682,
    "precision_watt_crank": 0.16007884445085674,
    "precision_watt_pedal": 2.0519135937056743,
    "profile_used": {
      "calibrated": false,
      "weight_kg": 83.0,
      "cda": 0.3,
      "crr": 0.004,
      "crank_eff_pct": 95.5,
      "device": "strava",
      "profile_version": "v1-766f4722-20260122"
    },
    "rolling_watt": 0.12363827088607593,
    "total_watt": 0.1528752964505682,
    "total_watt_pedal": 1.9595774819889187,
    "wind_effect": 0.55,
    "precision_watt_signed": 0.1528752964505682,
    "total_watt_signed": 0.1528752964505682,
    "gravity_watt_signed": 0.0,
    "model_watt_wheel_signed": 0.1528752964505682,
    "weather_used": {
      "air_temp_c": -0.7,
      "air_pressure_hpa": 1026.2,
      "wind_ms": 1.5625,
      "wind_dir_deg": 349.0,
      "meta": {
        "windspeed_10m_ms": 2.0833333333333335,
        "reduce_factor": 0.75,
        "source": "open-meteo/era5"
      },
      "dir_is_from": true
    },
    "weather_meta": {
      "provider": "open-meteo/era5",
      "lat_used": 59.426614,
      "lon_used": 10.4550615,
      "ts_hour": 1768640400,
      "height": "10m->2m",
      "unit_wind": "m/s",
      "cache_key": "om:59.4266:10.4551:1768640400"
    },
    "weather_fp": "b680b21f2a637a89bad544f2a8001f8d8402bd22",
    "weather_source": "open-meteo/era5",
    "weather_applied": true,
    "calibration_mae": null,
    "calibrated": false,
    "calibration_status": "not_available",
    "estimated_error_pct_range": [
      null,
      null
    ],
    "precision_quality_hint": "no-heuristics-available"
  },
  "precision_watt_avg": 2.0519135937056743,
  "source": "rust_1arg",
  "v_rel": [
    0.1,
    1.5591489594719172,
    1.5430153306779535,
    1.559148952290086,
    0.1,
    1.533792474136975,
    0.1,
    0.1,
    1.502273474082314,
    0.1,
    1.5022734485399698,
    1.5599575284332396,
    1.5022734622705185,
    1.5599575303195734,
    0.1,
    0.1,
    1.533792474136975,
    1.533792474136975,
    0.1,
    0.1,
    1.533792474136975,
    0.1,
    1.2878382490288995,
    0.1,
    1.533792474136975,
    1.533792474136975,
    0.1,
    0.1,
    1.533792474136975,
    1.533792474136975,
    1.533792474136975,
    1.533792474136975,
    1.533792474136975,
    0.1,
    0.8981390744575739,
    1.831941769841947,
    2.133792474136975,
    2.133792474136975,
    0.8981390648667127,
    0.1,
    0.1,
    0.1,
    0.1,
    1.533792474136975,
    0.1,
    0.1,
    0.29813906486671127,
    1.287838106687035,
    0.29813906486671127,
    1.533792474136975,
    0.29813906486671127,
    1.533792474136975,
    1.533792474136975,
    0.1,
    0.2981390744575696,
    0.1,
    1.533792474136975,
    0.29813906486671127,
    0.29813909044233433,
    0.1,
    0.1,
    0.1,
    0.5913464391954651,
    1.0385612945926943,
    1.533792474136975,
    0.1,
    1.412989919496931,
    1.2319415974598895,
    1.231941635496651,
    0.977172575095086,
    0.19427534436935984,
    1.4435593117833845,
    1.533792474136975,
    1.533792474136975
  ],
  "watts": [
    0.00019682438627677677,
    0.7460049919119396,
    0.7230854605251715,
    0.7460049816030812,
    0.00019682438627677677,
    0.7101968036921655,
    0.00019682438627677677,
    0.00019682438627677677,
    0.6673073411526204,
    0.00019682438627677677,
    0.6673073071150223,
    0.7471662203128975,
    0.6673073254122815,
    0.7471662230233651,
    0.00019682438627677677,
    0.00019682438627677677,
    0.7101968036921655,
    0.7101968036921655,
    0.00019682438627677677,
    0.00019682438627677677,
    0.7101968036921655,
    0.00019682438627677677,
    0.42040015225975247,
    0.00019682438627677677,
    0.7101968036921655,
    0.7101968036921655,
    0.00019682438627677677,
    0.00019682438627677677,
    0.7101968036921655,
    0.7101968036921655,
    0.7101968036921655,
    0.7101968036921655,
    0.7101968036921655,
    0.00019682438627677677,
    16.303524692145807,
    3.651935343000517,
    4.354065224917781,
    4.354065224917781,
    2.5844526125776124,
    1.221124749386277,
    0.00019682438627677677,
    0.00019682438627677677,
    0.00019682438627677677,
    0.7101968036921655,
    0.00019682438627677677,
    0.00019682438627677677,
    0.005215975715497264,
    0.42040001286211853,
    0.005215975715497264,
    0.7101968036921655,
    0.005215975715497264,
    0.7101968036921655,
    0.7101968036921655,
    0.00019682438627677677,
    0.005215976218876643,
    0.00019682438627677677,
    0.7101968036921655,
    0.005215975715497264,
    0.005215977057842392,
    0.00019682438627677677,
    0.00019682438627677677,
    0.00019682438627677677,
    0.0407009797885763,
    0.22048309944381028,
    0.7101968036921655,
    0.00019682438627677677,
    0.5552596263770574,
    0.36800122572395183,
    0.36800125981057225,
    0.18365075376741335,
    0.001443218104652518,
    0.5920832887171829,
    0.7101968036921655,
    0.7101968036921655
  ],
  "weather_applied": true,
  "wind_rel": [
    1.090071985832539,
    -1.5591489594719172,
    -1.5430153306779535,
    -1.559148952290086,
    1.4839317363185682,
    -1.533792474136975,
    1.2319420539477497,
    1.533792474136975,
    -1.502273474082314,
    1.3568109228930114,
    -1.5022734485399698,
    -1.5599575284332396,
    -1.5022734622705185,
    -1.5599575303195734,
    1.5599575289943248,
    1.495743769278791,
    -1.533792474136975,
    -1.533792474136975,
    0.2981390456849849,
    1.5560906579650595,
    -1.533792474136975,
    1.50815255332126,
    -1.2878382490288995,
    1.533792474136975,
    -1.533792474136975,
    -1.533792474136975,
    1.533792474136975,
    1.4623738808685616,
    -1.533792474136975,
    -1.533792474136975,
    -1.533792474136975,
    -1.533792474136975,
    -1.533792474136975,
    1.4623738723802144,
    -0.298139074457574,
    -1.2319417698419466,
    -1.533792474136975,
    -1.533792474136975,
    -0.29813906486671266,
    0.29813904568499033,
    1.3568107917328711,
    1.23194173542007,
    1.2319417221654894,
    -1.533792474136975,
    1.502273326707022,
    1.090071697454387,
    -0.29813906486671127,
    -1.287838106687035,
    -0.29813906486671127,
    -1.533792474136975,
    -0.29813906486671127,
    -1.533792474136975,
    -1.533792474136975,
    1.308308692514328,
    -0.2981390744575696,
    1.533792474136975,
    -1.533792474136975,
    -0.29813906486671127,
    -0.29813909044233433,
    1.1668843063969754,
    1.533792474136975,
    0.2981390360941371,
    -0.5913464391954651,
    -1.0385612945926943,
    -1.533792474136975,
    1.3799714921739072,
    -1.412989919496931,
    -1.2319415974598895,
    -1.231941635496651,
    -0.977172575095086,
    -0.19427534436935984,
    -1.4435593117833845,
    -1.533792474136975,
    -1.533792474136975
  ],
  "debug": {
    "wx_key": {
      "ts_hour": 1768640400,
      "lat": 59.426614,
      "lon": 10.4550615
    },
    "wx_ts_hour_in": 1768640400,
    "wx_ts_epoch": 1768640400,
    "reason": "ok",
    "force_recompute": true,
    "persist_ignored": true,
    "ignored_persist": true,
    "used_fallback": false,
    "weather_applied": true,
    "weather_source": "open-meteo/era5",
    "estimat_cfg_used": {
      "force": true
    },