{
  "calibrated": false,
  "cg_build": "T15-cg_build-20251216",
  "metrics": {
    "cg_build": "T15-cg_build-20251216",
    "core_n_device_samples": 0,
    "core_watts_source": "disabled_no_powermeter",
    "drag_watt": 2.130549661839551,
    "eff_used": 0.955,
    "gravity_watt": 0.0,
    "gravity_watt_pedal": 0.0,
    "model_watt_crank": 7.428772906225062,
    "model_watt_wheel": 7.094478125444933,
    "model_watt_wheel_pedal": 9.841475460950798,
    "model_watt_wheel_pedal_elapsed": 7.094478125444924,
    "model_watt_wheel_pedal_moving": 9.841475460950798,
    "pedal_ratio_elapsed_over_moving": 0.7208754575057912,
    "precision_watt": 7.428772906225062,
    "precision_watt_avg": 7.094478125444933,
    "precision_watt_crank": 7.428772906225062,
    "precision_watt_pedal": 10.305209906754763,
    "profile_used": {
      "calibrated": false,
      "weight_kg": 83.0,
      "cda": 0.3,
      "crr": 0.004,
      "crank_eff_pct": 95.5,
      "device": "strava",
      "profile_version": "v1-766f4722-20260121"
    },
    "rolling_watt": 4.963928463605382,
    "total_watt": 7.094478125444933,
    "total_watt_pedal": 9.841475460950798,
    "wind_effect": 0.55,
    "precision_watt_signed": 7.094478125444933,
    "total_watt_signed": 7.094478125444933,
    "gravity_watt_signed": 0.0,
    "model_watt_wheel_signed": 7.094478125444933,
    "calibration_mae": null,
    "calibrated": false,
    "calibration_status": "not_available",
    "estimated_error_pct_range": [
      null,
      null
    ],
    "precision_quality_hint": "no-heuristics-available",
    "weather_applied": false
  },
  "precision_watt_avg": 10.305209906754763,
  "source": "rust_1arg",
  "v_rel": [
    0.1,
    0.1,
    0.1,
    0.1,
    0.1,
    0.1,
    0.1,
    0.1,
    0.1,
    0.1,
    0.625,
    1.332,
    2.108,
    2.2,
    2.2,
    1.222,
    0.55,
    0.1,
    0.945,
    1.037,
    1.588,
    3.589,
    3.45,
    3.35,
    3.46,
    3.467,
    3.467,
    3.354,
    3.207,
    3.186,
    3.271,
    2.138,
    2.067,
    3.215,
    3.308,
    1.573,
    1.554,
    1.394,
    1.444,
    3.767,
    3.742,
    3.7,
    3.5,
    3.338,
    3.431,
    3.525,
    3.517,
    0.9,
    0.1,
    0.1,
    0.1,
    0.1,
    0.1,
    0.1,
    0.1,
    0.1,
    0.1,
    0.1,
    0.1,
    0.276,
    0.637,
    1.882,
    0.882,
    0.241,
    0.1,
    0.54,
    0.515,
    1.346,
    2.592,
    0.993,
    0.1,
    1.133,
    3.011,
    3.575,
    3.56,
    3.508,
    3.442,
    3.383,
    3.367,
    1.439,
    1.342,
    2.311,
    2.618,
    3.179,
    1.688,
    1.68,
    3.442,
    3.508,
    3.525,
    3.492,
    1.305,
    1.165,
    2.929,
    1.795,
    0.895,
    0.1,
    0.1,
    0.1,
    0.1,
    0.1,
    0.1,
    0.1,
    0.1,
    0.1,
    0.137,
    0.127,
    0.306,
    0.646,
    1.224,
    2.6,
    0.542,
    0.1,
    0.62,
    2.083,
    2.512,
    2.667,
    2.92,
    3.092,
    3.25,
    3.431,
    3.508,
    1.08,
    0.867,
    2.17,
    3.269,
    2.547,
    2.328,
    2.76,
    3.15,
    3.307,
    1.821,
    1.558,
    2.525,
    3.05,
    1.184,
    0.86,
    2.21,
    1.034,
    0.474,
    0.1,
    0.1,
    0.1,
    0.1,
    0.1,
    0.1,
    0.1,
    0.1,
    0.1,
    0.1,
    0.1,
    0.1,
    0.1,
    0.448,
    1.063,
    2.025,
    2.65,
    3.057,
    3.15,
    3.2,
    3.211,
    3.25,
    3.33,
    1.933,
    1.842,
    3.667,
    3.655,
    3.667,
    3.692,
    2.472,
    2.367,
    3.375,
    3.358,
    3.254,
    3.346,
    3.583,
    3.65,
    1.784,
    1.756,
    1.738,
    1.519,
    2.669,
    3.164,
    3.269,
    3.633,
    3.883,
    0.838,
    0.193,
    0.1,
    0.42,
    0.28,
    0.1,
    0.1,
    0.1,
    0.1,
    0.1,
    0.523,
    1.164,
    1.753,
    1.194,
    0.1,
    0.1
  ],
  "watts": [
    0.00013500000000000003,
    0.00013500000000000003,
    0.00013500000000000003,
    0.00013500000000000003,
    0.00013500000000000003,
    0.00013500000000000003,
    0.00013500000000000003,
    0.00013500000000000003,
    0.03421079228571429,
    0.13067443275,
    2.4660726276666667,
    10.043236725055,
    45.19181800445333,
    13.4933313015,
    10.39095145,
    7.209705993729999,
    3.6282677634999994,
    1.1193189312499998,
    7.331251646249999,
    4.814284528738332,
    17.887083650595002,
    124.25203392618998,
    19.867108815125,
    18.912558775,
    24.630741308749997,
    20.056937700130003,
    19.735799609254997,
    18.973493419015,
    17.80362081018,
    17.374859886434997,
    21.11779879257428,
    12.326005673595,
    9.74888656738,
    57.175256222041654,
    21.75688827260214,
    10.45768480467,
    6.869694596764998,
    6.36452345434,
    7.16294049709,
    101.54746779813,
    22.353588237254996,
    21.98173102975,
    20.4392601,
    18.93553799897,
    23.580764242659995,
    24.590228040708325,
    20.202500650505,
    9.086479407874997,
    1.872224485,
    0.0408325975,
    0.00013500000000000003,
    0.00013500000000000003,
    0.00013500000000000003,
    0.00013500000000000003,
    0.00013500000000000003,
    0.00013500000000000003,
    0.00013500000000000003,
    0.00013500000000000003,
    0.00013500000000000003,
    0.7308495843126316,
    4.62836133103,
    27.717497785805,
    5.717035385179998,
    2.2870597649599995,
    0.4905410498749999,
    3.1369927725,
    2.16523803625,
    14.812681111735005,
    44.30262220396334,
    7.427229150569998,
    2.1103054303749995,
    13.22995016387,
    92.860516396685,
    58.10794699737501,
    20.609800068124997,
    20.210436745619997,
    19.64752976113,
    19.11490183662,
    18.888474457754995,
    10.181901294314995,
    5.985281580254999,
    23.789632574559995,
    21.42343733462357,
    35.41376564971142,
    10.553068862344997,
    7.493595738999999,
    78.35043701629667,
    23.142995920369987,
    21.051318041083324,
    20.027277733754996,
    10.061349189749995,
    5.239610853124999,
    61.673973705264984,
    10.393549737625,
    5.570610709374999,
    1.821352488125,
    0.00013500000000000003,
    0.00013500000000000003,
    0.00013500000000000003,
    0.00013500000000000003,
    0.00013500000000000003,
    0.00013500000000000003,
    0.00013500000000000003,
    0.00013500000000000003,
    0.3145308346209091,
    0.5374848187049999,
    1.5282791890349998,
    2.6805850325178944,
    11.528732301823332,
    64.745564642,
    6.41508727913,
    1.22513268475,
    6.683625928333333,
    61.424162083370014,
    27.851585558904993,
    21.42808236762999,
    24.506765158291667,
    22.354948977094292,
    23.480147042249996,
    27.41159081366,
    23.643532991745,
    9.5060899865,
    4.04989255563,
    34.93011185204166,
    51.221567544840006,
    14.065455731605,
    11.623306250144998,
    26.22288142114285,
    29.91044747196429,
    24.031736394822858,
    11.250062938235,
    7.386406567744999,
    33.88925305864285,
    32.52694717812499,
    8.839754053789997,
    4.245162024499999,
    32.27521673696428,
    6.750393800539998,
    3.0829758687399997,
    0.9646680607499998,
    0.00013500000000000003,
    0.00013500000000000003,
    0.00013500000000000003,
    0.00013500000000000003,
    0.00013500000000000003,
    0.09695693812499998,
    0.21039856108333332,
    0.10798363337499996,
    0.00013500000000000003,
    0.00013500000000000003,
    0.00013500000000000003,
    0.18410423024999997,
    1.8167335739881816,
    10.949759192469998,
    48.49879208004166,
    52.44463362395833,
    39.56831785768,
    20.84269525912499,
    19.98041720625001,
    18.246726449309975,
    20.395937872375008,
    22.015457905833337,
    11.684628269119996,
    8.525399886005,
    101.31454589638,
    21.49106735537499,
    22.163931609754997,
    23.041069985005016,
    14.58229038598,
    11.63709497163,
    56.907357757875005,
    18.812669624495,
    18.10605492714,
    22.68722404936,
    31.66779700262,
    24.634840760874987,
    11.824048111789995,
    7.934457801659999,
    7.818603984969998,
    7.100762736339998,
    39.64198851250072,
