{
  "calibrated": false,
  "cg_build": "T15-cg_build-20251216",
  "metrics": {
    "cg_build": "T15-cg_build-20251216",
    "core_n_device_samples": 0,
    "core_watts_source": "disabled_no_powermeter",
    "drag_watt": 0.05659485497513219,
    "eff_used": 0.955,
    "gravity_watt": 60.33986698757179,
    "gravity_watt_pedal": 152.9406529585978,
    "model_watt_crank": 64.73247845982253,
    "model_watt_wheel": 61.819516929130515,
    "model_watt_wheel_pedal": 155.52377207323858,
    "model_watt_wheel_pedal_elapsed": 61.819516929130494,
    "model_watt_wheel_pedal_moving": 155.52377207323858,
    "pedal_ratio_elapsed_over_moving": 0.39749239685376664,
    "precision_watt": 64.73247845982253,
    "precision_watt_avg": 61.819516929130515,
    "precision_watt_crank": 64.73247845982253,
    "precision_watt_pedal": 162.85211735417653,
    "profile_used": {
      "calibrated": false,
      "weight_kg": 83.0,
      "cda": 0.3,
      "crr": 0.004,
      "crank_eff_pct": 95.5,
      "device": "strava",
      "profile_version": "v1-766f4722-20260121"
    },
    "rolling_watt": 1.4230550865835934,
    "total_watt": 61.819516929130515,
    "total_watt_pedal": 155.52377207323858,
    "wind_effect": 0.55,
    "precision_watt_signed": 61.819516929130515,
    "total_watt_signed": 61.819516929130515,
    "gravity_watt_signed": 60.33986698757179,
    "model_watt_wheel_signed": 61.819516929130515,
    "weather_used": {
      "air_temp_c": 14.8,
      "air_pressure_hpa": 1005.4,
      "wind_ms": 0.9583333333333333,
      "wind_dir_deg": 342.0,
      "meta": {
        "windspeed_10m_ms": 1.2777777777777777,
        "reduce_factor": 0.75,
        "source": "open-meteo/era5"
      },
      "dir_is_from": true
    },
    "weather_meta": {
      "provider": "open-meteo/era5",
      "lat_used": 62.563944,
      "lon_used": 7.6967835000000004,
      "ts_hour": 1754301600,
      "height": "10m->2m",
      "unit_wind": "m/s",
      "cache_key": "om:62.5639:7.6968:1754301600"
    },
    "weather_fp": "e2dc3db03b0ce91ae331335413bc8ac86f40a2c2",
    "weather_source": "open-meteo/era5",
    "weather_applied": true,
    "calibration_mae": null,
    "calibrated": false,
    "calibration_status": "not_available",
    "estimated_error_pct_range": [
      null,
      null
    ],
    "precision_quality_hint": "no-heuristics-available"
  },
  "precision_watt_avg": 162.85211735417653,
  "source": "rust_1arg",
  "v_rel": [
    0.8860783447749384,
    1.3860783503966152,
    1.0887498145936128,
    1.0988656628575542,
    0.6438587841876524,
    1.3039006801029562,
    1.1861386679558164,
    0.95054338607051,
    1.0601919423167914,
    1.1778649105705272,
    1.366528842105554,
    1.5895547787740354,
    1.104050867886435,
    1.022034256289522,
    0.6412339881218423,
    0.3937561164107176,
    0.6480182654215743,
    0.7363904038304803,
    0.392209331263168,
    0.6020167612068322,
    0.7077589063699364,
    0.8082859366819086,
    0.33005726876504543,
    0.8935671572272063,
    0.8469543689988227,
    0.1,
    0.471044747930604,
    0.8243682829965197,
    0.9678356947387552,
    0.5970577571716496,
    0.1677299288631664,
    0.1759456749395334,
    0.5269788992030269,
    1.062035245411243,
    0.8115338676613267,
    1.2056762319068477,
    0.5608593701981213,
    0.9300788917091666,
    0.8870518980715716,
    1.1146699491199574,
    1.2077178062115017,
    0.1,
    0.5936125676571115,
    1.074197490591524,
    1.964717987009367,
    1.7148920146243272,
    1.5525576707300557,
    1.1940332651075622,
    0.9055481962327006,
    1.557575325745626,
    1.2141621029574938,
    0.1,
    0.1,
    0.4247609584790597,
    0.8575580397000936,
    0.7287765431510859,
    1.2559097883941672,
    0.5674303816147819,
    0.43428857467562654,
    0.8257597984942407,
    0.6889934024343864,
    0.1544924062211357,
    0.1,
    0.14379628371902056,
    0.2182360811607024,
    0.4332293606437673,
    0.14685873469558375,
    0.1,
    0.5991359537565664,
    0.4511126125216609,
    0.6172364047026143,
    0.7332363766233376,
    0.4981294512819176,
    0.44685874895628297,
    0.7033144951238051,
    0.12237759246689422,
    0.5927763165594534,
    0.7492105846903112,
    0.1,
    0.6342542261962634,
    0.20297637969422824,
    1.463858843407694,
    0.1,
    0.2815431042387769,
    0.5837798690484584,
    1.0125756268683623,
    1.173295824660753,
    1.337647679518679,
    1.1038592643997176,
    0.1,
    0.5590639766561734,
    1.1798948862317764,
    0.9285085236563626,
    0.1,
    0.1,
    0.1,
    0.1,
    0.9126424927233936,
    0.5073729504098632,
    0.1,
    0.1,
    1.0784291614495218,
    0.1,
    0.6685763048577857,
    0.3768724794026084,
    0.21695728973606768,
    0.8426575593172829,
    0.11324358167527,
    0.1,
    0.1,
    0.1,
    0.1,
    0.1,
    0.1,
    0.1,
    0.1,
    0.1,
    0.24103644336356855,
    0.8133051129937878,
    0.5756005839631394,
    0.5853729292745379,
    0.47131786697411737,
    0.17539910130602132,
    0.1076776277156558,
    0.12127284187083588,
    0.7941371624713552,
    0.1446837946486738,
    0.9104073381795909,
    0.9994739137161864,
    0.1436491254400509,
    0.1,
    0.1,
    1.311429161449522,
    0.1424745089441612,
    0.3815440296738118,
    0.8902084635103951,
    0.724816128722697,
    1.4315073798321911,
    0.7623737231949265,
    0.37952220423162464,
    0.1,
    0.6361412988590045,
    1.154429161449522,
    1.123429161449522
  ],