{
  "calibrated": false,
  "cg_build": "T15-cg_build-20251216",
  "metrics": {
    "cg_build": "T15-cg_build-20251216",
    "core_n_device_samples": 0,
    "core_watts_source": "disabled_no_powermeter",
    "drag_watt": 1.8440227008106889,
    "eff_used": 0.955,
    "gravity_watt": 0.0,
    "gravity_watt_pedal": 0.0,
    "model_watt_crank": 5.856219970840987,
    "model_watt_wheel": 5.592690072153143,
    "model_watt_wheel_pedal": 9.78014650619203,
    "model_watt_wheel_pedal_elapsed": 5.592690072153145,
    "model_watt_wheel_pedal_moving": 9.78014650619203,
    "pedal_ratio_elapsed_over_moving": 0.5718411343441826,
    "precision_watt": 5.856219970840987,
    "precision_watt_avg": 5.592690072153143,
    "precision_watt_crank": 5.856219970840987,
    "precision_watt_pedal": 10.240991105960243,
    "profile_used": {
      "calibrated": false,
      "weight_kg": 83.0,
      "cda": 0.3,
      "crr": 0.004,
      "crank_eff_pct": 95.5,
      "device": "strava",
      "profile_version": "v1-766f4722-20260121"
    },
    "rolling_watt": 3.7486673713424543,
    "total_watt": 5.592690072153143,
    "total_watt_pedal": 9.78014650619203,
    "wind_effect": 0.55,
    "precision_watt_signed": 5.592690072153143,
    "total_watt_signed": 5.592690072153143,
    "gravity_watt_signed": 0.0,
    "model_watt_wheel_signed": 5.592690072153143,
    "calibration_mae": null,
    "calibrated": false,
    "calibration_status": "not_available",
    "estimated_error_pct_range": [
      null,
      null
    ],
    "precision_quality_hint": "no-heuristics-available",
    "weather_applied": false
  },
  "precision_watt_avg": 10.240991105960243,
  "source": "rust_1arg",
  "v_rel": [
    0.1,
    0.1,
    0.1,
    0.1,
    0.1,
    0.419,
    1.0,
    2.113,
    2.275,
    2.344,
    1.31,
    1.4,
    2.057,
    2.3,
    2.45,
    2.5,
    2.513,
    2.517,
    2.538,
    1.53,
    1.024,
    0.704,
    0.628,
    1.021,
    2.145,
    2.471,
    2.669,
    2.762,
    1.904,
    0.697,
    0.646,
    2.869,
    3.775,
    3.717,
    3.7,
    3.775,
    3.825,
    1.431,
    0.335,
    1.0,
    1.794,
    2.7,
    1.071,
    0.69,
    1.906,
    3.346,
    3.45,
    3.45,
    3.458,
    2.311,
    2.494,
    4.091,
    4.18,
    4.19,
    4.21,
    4.18,
    4.13,
    4.12,
    4.12,
    0.655,
    0.182,
    0.1,
    0.1,
    0.1,
    0.1,
    0.1,
    0.1,
    0.1,
    0.1,
    0.1,
    0.1,
    0.1,
    0.1,
    0.1,
    0.1,
    0.1,
    0.1,
    0.1,
    0.158,
    0.181,
    0.1,
    0.386,
    1.563,
    1.588,
    0.363,
    0.1,
    0.1,
    1.69,
    3.283,
    3.8,
    3.225,
    1.04,
    0.1,
    0.1,
    0.1,
    0.597,
    0.681,
    0.424,
    0.529,
    0.328,
    0.1,
    0.1,
    0.1,
    0.1,
    0.1,
    0.1,
    0.164,
    0.533,
    0.375,
    0.1,
    0.1,
    0.1,
    0.1,
    0.1,
    0.1,
    0.1,
    0.1,
    0.1,
    0.1,
    0.1,
    0.1,
    0.1,
    0.1,
    1.1,
    2.633,
    3.43,
    3.722,
    3.75,
    3.764,
    3.767,
    3.85,
    3.925,
    3.917,
    3.925,
    3.925,
    3.917,
    3.917,
    3.917,
    1.204,
    1.172,
    3.808,
    0.525,
    0.1,
    0.1,
    0.1,
    0.117,
    0.1,
    0.1,
    0.1,
    0.1,
    0.1,
    0.1,
    0.1,
    0.1,
    0.1,
    0.1,
    0.167,
    0.208,
    0.1,
    0.1,
    0.1,
    0.1,
    0.711,
    1.57,
    2.05,
    2.556,
    2.925,
    2.9,
    2.912,
    3.111,
    3.436,
    3.573,
    3.57,
    3.255,
    2.079,
    2.3,
    3.331,
    3.285,
    3.417,
    3.467,
    1.07,
    0.1,
    0.1,
    0.821,
    2.676,
    3.2,
    3.179,
    3.179,
    3.392,
    3.809,
    4.0,
    3.992,
    4.0,
    0.889,
    0.1,
    0.1,
    0.1,
    0.1,
    0.1,
    0.1,
    0.1,
    0.1,
    0.1,
    0.168,
    0.272,
    0.282,
    0.789,
    0.932,
    0.638,
    0.433
  ],
  "watts": [
    0.00013500000000000003,
    0.00013500000000000003,
    0.00013500000000000003,
    0.00013500000000000003,
    0.00013500000000000003,
    1.22683435059,
    6.824074375958333,
    28.14930923197,
    16.418721519624995,
    14.444364451464995,
    7.7389433482499985,
    6.8051326430681796,
    17.63525976893,
    15.390535115374997,
    14.936422947916672,
    13.465936631249994,
    12.729664543898568,
    12.555141297004996,
    13.044028788344994,
    8.761404226499998,
    5.34203834699,
    3.5633757686399994,
    2.7438958690199993,
    5.944144087291817,
    24.183797720847217,
    19.236055472985,
    18.305430939215,
    16.516043151905,
    10.42657501739,
    5.338434752729999,
    2.7692378004849996,
    64.38641613334,
    62.41684265512498,
    22.178164403254996,
    21.930859032875,
    26.350858081249985,
    25.648309367708347,
    11.090925331784998,
    3.5986732348749997,
    7.456897445624999,
    15.67143678559,
    39.96360615825,
    7.839376931609999,
    3.627772174874999,
    24.932248043802858,
    68.05432597786,
    24.26122233883334,
    19.5842605125,
    20.02143581128667,
    13.405446840059998,
    17.95375047021501,
    109.92771442896004,
    32.799954466124966,
    27.65726251875005,
    28.56088318499997,
    26.932317471249995,
    26.419926356249995,
    26.22892024875,
    26.20857145,
    9.75448793875,
    1.7040083120549996,
    0.3704831372499999,
    0.00013500000000000003,
    0.00013500000000000003,
    0.00013500000000000003,
    0.00013500000000000003,
    0.00013500000000000003,
    0.00013500000000000003,
    0.00013500000000000003,
    0.00013500000000000003,
    0.00013500000000000003,
    0.00013500000000000003,
    0.00013500000000000003,
    0.00013500000000000003,
    0.00013500000000000003,
    0.00013500000000000003,
    0.11526947712499996,
    0.25303558499999995,
    0.4953244757341303,
    0.7715186676599999,
    0.3684482573749999,
    2.33906131331,
    28.281429425219997,
    7.769808589845002,
    3.9765079759699993,
    0.7387963946249999,
    0.00013500000000000003,
    23.845257870416667,
    69.69011780362,
    47.14899190462499,
    18.82320323125,
    8.830619306875,
    2.11641007,
    0.00013500000000000003,
    0.00013500000000000003,
    2.1679839124799996,
    2.8553603477849996,
    2.2588326401149996,
    2.13225442839,
    1.7486558723949996,
    0.667575599,
    0.00013500000000000003,
    0.00013500000000000003,
    0.00013500000000000003,
    0.00013500000000000003,
    0.00013500000000000003,
    0.55755257694,
    4.10713027187,
    1.8547900671249995,
    0.7632149531249999,
    0.00013500000000000003,
    0.00013500000000000003,
    0.00013500000000000003,
    0.00013500000000000003,
    0.00013500000000000003,
    0.00013500000000000003,
    0.00013500000000000003,
    0.00013500000000000003,
    0.00013500000000000003,
    0.00013500000000000003,
    0.00013500000000000003,
    0.00013500000000000003,
    0.00013500000000000003,
    10.787219529166668,
    49.64239779187,
    67.91940275212501,
    38.84790767747999,
    24.060255850999997,
    23.216866092856648,
    22.697349108130005,
    27.57646713287501,
    28.017527824999988,
    24.070770968504995,
    24.554507526625,
    24.136862565624995,
    24.070770968504995,
    24.054491929505,
    24.054491929505,
    10.656240424514998,
    5.052203043479999,
    108.38532594262,
    8.836669420249999,
    1.2536210029999997,
    0.3603087378749999,
    0.17513466924999996,
    0.42766166313,
    0.417285374375,
    0.17920442899999997,
    0.00013500000000000003,
    0.00013500000000000003,
    0.00013500000000000003,
    0.00013500000000000003,
    0.00013500000000000003,
    0.00013500000000000003,
    0.00013500000000000003,
    0.00013500000000000003,
    0.5333526132966666,
    0.8706385562449999,
    0.4233900139999999,
    0.00013500000000000003,
    0.00013500000000000003,
    0.00013500000000000003,
    5.69114632431,
    21.426842249875,
    22.951387022499993,
    35.80732911241001,
    35.514902391749985,
    15.145690271874996,
    15.883872794779998,
    26.269020232310012,
    33.515844648851655,
    28.39030956867,
    20.677551502125,
