{
  "calibrated": false,
  "cg_build": "T15-cg_build-20251216",
  "metrics": {
    "cg_build": "T15-cg_build-20251216",
    "core_n_device_samples": 0,
    "core_watts_source": "disabled_no_powermeter",
    "drag_watt": 28.35446625180217,
    "eff_used": 0.955,
    "gravity_watt": 0.0,
    "gravity_watt_pedal": 0.0,
    "model_watt_crank": 37.93079624657906,
    "model_watt_wheel": 36.223910415483,
    "model_watt_wheel_pedal": 69.6879074758089,
    "model_watt_wheel_pedal_elapsed": 36.22391041548299,
    "model_watt_wheel_pedal_moving": 69.6879074758089,
    "pedal_ratio_elapsed_over_moving": 0.5198019531302123,
    "precision_watt": 37.93079624657906,
    "precision_watt_avg": 36.223910415483,
    "precision_watt_crank": 37.93079624657906,
    "precision_watt_pedal": 72.97163086472136,
    "profile_used": {
      "calibrated": false,
      "weight_kg": 83.0,
      "cda": 0.3,
      "crr": 0.004,
      "crank_eff_pct": 95.5,
      "device": "strava",
      "profile_version": "v1-766f4722-20260121"
    },
    "rolling_watt": 7.869444163680827,
    "total_watt": 36.223910415483,
    "total_watt_pedal": 69.6879074758089,
    "wind_effect": 0.55,
    "precision_watt_signed": 36.223910415483,
    "total_watt_signed": 36.223910415483,
    "gravity_watt_signed": 0.0,
    "model_watt_wheel_signed": 36.223910415483,
    "calibration_mae": null,
    "calibrated": false,
    "calibration_status": "not_available",
    "estimated_error_pct_range": [
      null,
      null
    ],
    "precision_quality_hint": "no-heuristics-available",
    "weather_applied": false
  },
  "precision_watt_avg": 72.97163086472136,
  "source": "rust_1arg",
  "v_rel": [
    0.1,
    0.1,
    0.1,
    0.1,
    0.1,
    0.963,
    2.283,
    3.26,
    3.543,
    3.65,
    2.775,
    0.75,
    0.2,
    0.207,
    0.728,
    1.722,
    3.091,
    3.967,
    3.945,
    4.082,
    4.24,
    4.19,
    4.17,
    4.12,
    1.587,
    1.332,
    1.641,
    0.625,
    0.1,
    0.1,
    0.1,
    0.1,
    0.1,
    0.1,
    0.1,
    0.1,
    0.1,
    0.1,
    0.1,
    0.1,
    0.1,
    0.1,
    0.1,
    0.1,
    0.1,
    0.1,
    0.1,
    0.1,
    0.1,
    0.1,
    0.1,
    0.8,
    2.383,
    5.817,
    8.633,
    10.467,
    10.417,
    10.317,
    10.35,
    10.433,
    10.567,
    10.617,
    10.483,
    10.333,
    10.25,
    2.929,
    0.1,
    0.1,
    0.1,
    1.27,
    2.463,
    2.463,
    9.683,
    9.917,
    9.95,
    6.633,
    1.429,
    0.559,
    0.5,
    1.36,
    4.33,
    7.85,
    8.033,
    8.3,
    8.983,
    9.45,
    1.021,
    0.1,
    2.133,
    5.07,
    8.917,
    9.467,
    9.45,
    9.417,
    9.433,
    9.683,
    4.975,
    0.421,
    0.1,
    0.1,
    0.1,
    1.573,
    2.612,
    3.717,
    7.317,
    8.4,
    9.3,
    6.517,
    0.99,
    0.1,
    0.1,
    0.1,
    1.464,
    4.07,
    8.1,
    8.4,
    8.567,
    7.717,
    7.083,
    7.083,
    7.5,
    2.155,
    0.1,
    0.1,
    0.1,
    0.1,
    1.773,
    4.227,
    9.15,
    9.333,
    9.517,
    9.8,
    9.933,
    9.8,
    5.5,
    0.365,
    0.1,
    0.1,
    0.1,
    0.1,
    0.1,
    2.342,
    4.509,
    10.0,
    9.1,
    8.683,
    8.7,
    8.917,
    9.483,
    5.0,
    0.347,
    0.1,
    0.1,
    0.1,
    2.278,
    5.988,
    9.5,
    9.7,
    10.133,
    10.167,
    10.133,
    10.0,
    9.717,
    9.567,
    3.612,
    0.122,
    0.108,
    0.1,
    0.1,
    0.1,
    0.34,
    2.5,
    4.911,
    5.514,
    6.214,
    7.917,
    8.488,
    10.06,
    10.02,
    10.086,
    10.233,
    3.467,
    0.553,
    0.1,
    0.1,
    0.1,
    0.1,
    0.1,
    0.1,
    0.1,
    0.1,
    1.743,
    3.843,
    3.843,
    10.414,
    10.817,
    9.56,
    9.283,
    9.9,
    10.057,
    10.3,
    2.827,
    0.547,
    0.1,
    0.1,
    0.1,
    0.1,
    0.1,
    0.1,
    0.1,
    0.1,
    0.1,
    0.1,
    0.1,
    0.1,
    0.1,
    0.171,
    1.414,
    1.414,
    9.1,
    9.4,
    10.18,
    10.429,
    10.9,
    11.05,
    10.983,
    10.883,
    10.817,
    10.783,
    6.44,
    0.428,
    0.1,
    0.1,
    0.1,
    0.1,
    0.1,
    0.1,
    0.1,
    0.1,
    0.1,
    0.1
  ],