{
  "calibrated": false,
  "cg_build": "T15-cg_build-20251216",
  "metrics": {
    "cg_build": "T15-cg_build-20251216",
    "core_n_device_samples": 0,
    "core_watts_source": "disabled_no_powermeter",
    "drag_watt": 3.2457751834921598,
    "eff_used": 0.955,
    "gravity_watt": 0.0,
    "gravity_watt_pedal": 0.0,
    "model_watt_crank": 9.107750096938634,
    "model_watt_wheel": 8.697901342576396,
    "model_watt_wheel_pedal": 13.355704223793786,
    "model_watt_wheel_pedal_elapsed": 8.697901342576401,
    "model_watt_wheel_pedal_moving": 13.355704223793786,
    "pedal_ratio_elapsed_over_moving": 0.6512499226420947,
    "precision_watt": 9.107750096938634,
    "precision_watt_avg": 8.697901342576396,
    "precision_watt_crank": 9.107750096938634,
    "precision_watt_pedal": 13.985030600831191,
    "profile_used": {
      "calibrated": false,
      "weight_kg": 83.0,
      "cda": 0.3,
      "crr": 0.004,
      "crank_eff_pct": 95.5,
      "device": "strava",
      "profile_version": "v1-766f4722-20260121"
    },
    "rolling_watt": 5.452126159084235,
    "total_watt": 8.697901342576396,
    "total_watt_pedal": 13.355704223793786,
    "wind_effect": 0.55,
    "precision_watt_signed": 8.697901342576396,
    "total_watt_signed": 8.697901342576396,
    "gravity_watt_signed": 0.0,
    "model_watt_wheel_signed": 8.697901342576396,
    "calibration_mae": null,
    "calibrated": false,
    "calibration_status": "not_available",
    "estimated_error_pct_range": [
      null,
      null
    ],
    "precision_quality_hint": "no-heuristics-available",
    "weather_applied": false
  },
  "precision_watt_avg": 13.985030600831191,
  "source": "rust_1arg",
  "v_rel": [
    0.1,
    0.1,
    0.1,
    0.1,
    0.64,
    1.72,
    2.1,
    2.25,
    2.336,
    2.471,
    2.55,
    2.619,
    2.662,
    2.678,
    2.67,
    2.678,
    2.744,
    2.806,
    2.825,
    2.831,
    2.825,
    2.837,
    2.85,
    2.831,
    2.8,
    2.794,
    2.806,
    0.756,
    0.23,
    0.1,
    0.147,
    2.42,
    3.444,
    3.756,
    3.85,
    3.927,
    4.022,
    4.175,
    4.15,
    4.033,
    4.05,
    4.09,
    4.08,
    3.973,
    3.867,
    3.783,
    3.742,
    3.867,
    2.332,
    2.332,
    3.992,
    3.508,
    3.277,
    3.007,
    1.328,
    1.38,
    1.438,
    0.982,
    1.804,
    3.608,
    4.027,
    4.05,
    4.08,
    4.15,
    1.195,
    0.191,
    0.1,
    0.1,
    0.1,
    0.1,
    0.1,
    0.1,
    0.1,
    0.1,
    0.1,
    0.1,
    0.1,
    0.1,
    0.1,
    0.1,
    0.1,
    0.1,
    0.1,
    0.1,
    0.287,
    2.05,
    3.7,
    3.783,
    3.771,
    3.825,
    4.011,
    4.122,
    4.1,
    4.044,
    2.342,
    1.205,
    1.821,
    3.208,
    3.818,
    4.01,
    4.02,
    4.03,
    4.05,
    4.06,
    1.477,
    1.134,
    2.417,
    3.945,
    4.14,
    4.21,
    4.21,
    4.13,
    4.1,
    4.1,
    4.11,
    4.11,
    2.378,
    2.332,
    3.873,
    4.17,
    4.23,
    4.26,
    4.28,
    0.956,
    0.163,
    0.1,
    0.1,
    0.1,
    0.1,
    0.1,
    0.1,
    0.1,
    0.1,
    0.323,
    0.35,
    0.1,
    0.1,
    0.106,
    0.112,
    0.1,
    0.1,
    0.219,
    1.146,
    3.867,
    3.95,
    2.76,
    0.709,
    0.1,
    1.111,
    2.563,
    3.086,
    3.711,
    3.982,
    4.03,
    1.85,
    1.143,
    1.696,
    3.918,
    3.89,
    3.673,
    3.336,
    1.92,
    2.185,
    4.09,
    4.22,
    4.26,
    3.918,
    3.107,
    0.892,
    0.804,
    2.694,
    2.422,
    2.669,
    4.34,
    4.3,
    4.31,
    2.093,
    0.482,
    0.207,
    0.1,
    0.1,
    0.1,
    0.1,
    0.1,
    0.1,
    0.1,
    0.1,
    0.1,
    0.28,
    0.28,
    0.1,
    0.177,
    0.62,
    1.092,
    1.1,
    1.1,
    1.775,
    2.64,
    3.191,
    3.43,
    3.656,
    1.281,
    0.704,
    0.412,
    0.1,
    0.1,
    1.229,
    2.967,
    3.358,
    3.458,
    3.467,
    3.55,
    3.7,
    1.329,
    0.221,
    0.232,
    0.162,
    0.1,
    0.1,
    0.1,
    0.1,
    0.1,
    0.1,
    0.1,
    0.1,
    0.1,
    0.1,
    0.1,
    0.1,
    0.442,
    0.825
  ],