{
  "calibrated": false,
  "cg_build": "T15-cg_build-20251216",
  "metrics": {
    "cg_build": "T15-cg_build-20251216",
    "core_n_device_samples": 0,
    "core_watts_source": "disabled_no_powermeter",
    "drag_watt": 0.07283927628461563,
    "eff_used": 0.955,
    "gravity_watt": 2.855376034739936,
    "gravity_watt_pedal": 111.33457966669008,
    "model_watt_crank": 3.4667033946251125,
    "model_watt_wheel": 3.3107017418669824,
    "model_watt_wheel_pedal": 125.31419168521359,
    "model_watt_wheel_pedal_elapsed": 3.9997866746561366,
    "model_watt_wheel_pedal_moving": 125.31419168521359,
    "pedal_ratio_elapsed_over_moving": 0.03191806626901054,
    "precision_watt": 3.4667033946251125,
    "precision_watt_avg": 3.3107017418669824,
    "precision_watt_crank": 3.4667033946251125,
    "precision_watt_pedal": 131.21904888504042,
    "profile_used": {
      "calibrated": false,
      "weight_kg": 112.3,
      "cda": 0.3,
      "crr": 0.004,
      "crank_eff_pct": 95.5,
      "device": "strava",
      "profile_version": "v1-baebb39c-20260121"
    },
    "rolling_watt": 0.38248643084243067,
    "total_watt": 3.3107017418669824,
    "total_watt_pedal": 125.31419168521359,
    "wind_effect": 0.55,
    "precision_watt_signed": 3.3107017418669824,
    "total_watt_signed": 3.3107017418669824,
    "gravity_watt_signed": 2.855376034739936,
    "model_watt_wheel_signed": 3.3107017418669824,
    "weather_used": {
      "air_temp_c": 0.9,
      "air_pressure_hpa": 1034.1,
      "wind_ms": 1.3125,
      "wind_dir_deg": 345.0,
      "meta": {
        "windspeed_10m_ms": 1.75,
        "reduce_factor": 0.75,
        "source": "open-meteo/era5"
      },
      "dir_is_from": true
    },
    "weather_meta": {
      "provider": "open-meteo/era5",
      "lat_used": 59.4121285,
      "lon_used": 10.467164,
      "ts_hour": 1766750400,
      "height": "10m->2m",
      "unit_wind": "m/s",
      "cache_key": "om:59.4121:10.4672:1766750400"
    },
    "weather_fp": "8fa816bd3d47b6b332e4b10b4b22611805f6d9dd",
    "weather_source": "open-meteo/era5",
    "weather_applied": true,
    "calibration_mae": null,
    "calibrated": false,
    "calibration_status": "not_available",
    "estimated_error_pct_range": [
      null,
      null
    ],
    "precision_quality_hint": "no-heuristics-available"
  },
  "precision_watt_avg": 131.21904888504042,
  "source": "rust_1arg",
  "v_rel": [
    0.1,
    1.072474632659007,
    1.2023769634725787,
    1.0724748181914758,
    0.4794749176606704,
    0.1,
    1.5694664412891095,
    1.7272225893144773,
    1.683241129146735,
    1.5977776470044025,
    1.1809179840074258,
    0.8386829115422807,
    0.767626989888408,
    2.087777647004402,
    2.117232573525595,
    2.4904660455753693,
    2.956510270036368,
    3.453957134677844,
    4.252701958261095,
    3.947175876031387,
    3.8327778293394146,
    3.6438323849496177,
    4.584777647004403,
    4.254323365141832,
    3.723910526486797,
    3.6555128124858576,
    3.1363396693628047,
    2.94401378633152,
    3.0828914544816635,
    2.8863578938477494,
    2.3104655696830747,
    0.1,
    0.1,
    0.4373002736735718,
    3.3674344285263804,
    3.6613290496141113,
    3.754958967778581,
    3.834716810908918,
    4.0469861086551955,
    3.85221523450796,
    3.8905995510021345,
    3.4687115551278103,
    3.012601273132859,
    2.6419900466109727,
    2.316584477404283,
    2.090698091995002,
    1.2965253687081284,
    1.3309911788522948,
    0.9322353999725022,
    0.7386158389066049,
    0.7977838043349126,
    1.0663183995778642,
    1.2017317575356083,
    1.9693704860567447,
    2.6194352425910425,
    2.1459056068239386,
    1.7704784976905894,
    1.9420098775607644,
    1.7992286144891936,
    1.707776643117168,
    1.5095819923383926,
    1.5146587840290802,
    1.411144583851,
    1.805195550739132,
    1.9615201062555776,
    1.8224056782447775,
    1.614247066879516,
    1.3463727642083625,
    1.3605934398404669,
    1.7144668123443432,
    2.429248784589022,
    3.0524736204776395,
    3.2725239250696037,
    3.237004596293579,
    3.409025057306804,
    3.468297301469814,
    3.3627268591662953,
    3.483470321036355,
    3.180079766046645,
    3.3901155336956292,
    3.7589357995185586,
    3.6806397080641218,
    3.099050477193271,
    2.8133705560301383,
    2.7296237793587736,
    2.709243111956924,
    2.774911868640185,
    3.1629262327776,
    3.189357021212081,
    3.279293888426305,
    2.8204648582584855,
    2.289700682429294,
    2.026628505700039,
    2.954854571405582,
    3.15452363492882,
    2.8704106124421847,
    2.9964560308360273,
    3.613247026666266,
    3.095249411440396,
    3.330752293966309,
    3.4427184253801104,
    3.193028305719287,
    2.974676270327967,
    3.2236967645180283,
    3.4922532736502965,
    3.0894317910027196,
    3.64720597055331,
    3.9452320101521936,
    3.815304840431662,
    3.812079899625453,
    3.902612338749849,
    3.916960355991876,
    3.963787669088078,
    4.0354222256101435,
    4.10966341874016,
    3.886667398023566,
    3.6720393595587297,
    4.1026351944586175,
    4.149517154517088,
    4.04670165603525,
    3.9764720630397665,
    3.995106361976264,
    3.7360700674201377,
    3.7560951532040376,
    3.686901814380778,
    3.891909262637149,
    4.028122582453102,
    4.044995215340139,
    4.121866653295006,
    4.200754801808566,
    4.127261898032144,
    4.135136285930486,
    4.0092809394277475,
    4.0434247076513845,
    4.259826019254479,
    4.026101472076464,
    4.062332846322255,
    4.094609319638135,
    4.065386384795095,
    4.058822603243417,
    4.260824331166869,
    4.076812857512967,
    3.7420616642724,
    3.6768146274145392,
    3.8266043455507424,
    3.854327207416748,
    3.920982299945443,
    3.852798065638469,
    3.7909989298027553,
    3.873414816827959,
    3.805908582024167,
    3.805008950206487,
    3.876182786582339,
    3.9516543507693407,
    4.078326878286262,
    4.2928843547831965,
    3.945975444706818,
    3.7848000826313184,
    3.9182737543429784,
    3.975623725605488,
    3.9858926688263887,
    3.791752679267943,
    3.803778310050137,
    3.8924685890279687,
    3.8392740059484463,
    3.815894089707482,
    3.774978455280716,
    3.783828654614847,
    3.877239135301406,
    3.828560920797933,
    3.796370100832921,
    3.793691407480639,
    3.830426511099765,
    3.874010769126018,
    3.685978027103582,
    3.7565412483782863,
    3.907847783117336,
    3.903127621611002,
    3.929851618220437,
    4.024135021761444,
    3.929042739748268,
    3.8736264285176754,
    3.7348196580228032,
    3.8089091893465343,
    3.764067806982287,
    3.7867495389266344,
    3.743114129823482,
    3.8263936411366215,
    3.945444558814123,
    3.95990644685298,
    3.9239864406538345,
    3.9700593302365146,
    4.002519826767845,
    3.9581033764876103,
    3.935078898613715,
    3.9490493333182304,
    3.81260794722904,
    3.78900483464648,
    3.910872646195148,
    3.894325546613076,
    3.868309228013387,
    3.824872949643459,
    3.8357807525575702,
    3.7987776470044023,
    1.2697776470044022,
    1.268777647004402
  ],