{
  "calibrated": false,
  "cg_build": "T15-cg_build-20251216",
  "metrics": {
    "cg_build": "T15-cg_build-20251216",
    "core_n_device_samples": 0,
    "core_watts_source": "disabled_no_powermeter",
    "drag_watt": 1.3793654690325912,
    "eff_used": 0.955,
    "gravity_watt": 0.0,
    "gravity_watt_pedal": 0.0,
    "model_watt_crank": 5.637703797072912,
    "model_watt_wheel": 5.38400712620463,
    "model_watt_wheel_pedal": 8.731580998568425,
    "model_watt_wheel_pedal_elapsed": 5.384007126204627,
    "model_watt_wheel_pedal_moving": 8.731580998568425,
    "pedal_ratio_elapsed_over_moving": 0.6166130884071687,
    "precision_watt": 5.637703797072912,
    "precision_watt_avg": 5.38400712620463,
    "precision_watt_crank": 5.637703797072912,
    "precision_watt_pedal": 9.143016752427672,
    "profile_used": {
      "calibrated": false,
      "weight_kg": 83.0,
      "cda": 0.3,
      "crr": 0.004,
      "crank_eff_pct": 95.5,
      "device": "strava",
      "profile_version": "v1-766f4722-20260121"
    },
    "rolling_watt": 4.004641657172039,
    "total_watt": 5.38400712620463,
    "total_watt_pedal": 8.731580998568425,
    "wind_effect": 0.55,
    "precision_watt_signed": 5.38400712620463,
    "total_watt_signed": 5.38400712620463,
    "gravity_watt_signed": 0.0,
    "model_watt_wheel_signed": 5.38400712620463,
    "calibration_mae": null,
    "calibrated": false,
    "calibration_status": "not_available",
    "estimated_error_pct_range": [
      null,
      null
    ],
    "precision_quality_hint": "no-heuristics-available",
    "weather_applied": false
  },
  "precision_watt_avg": 9.143016752427672,
  "source": "rust_1arg",
  "v_rel": [
    0.1,
    0.1,
    0.1,
    0.1,
    0.25,
    1.289,
    1.757,
    1.992,
    2.1,
    2.133,
    2.144,
    2.155,
    2.194,
    2.253,
    2.367,
    2.436,
    2.485,
    2.531,
    2.554,
    2.569,
    2.581,
    2.619,
    2.669,
    2.681,
    2.669,
    2.675,
    2.675,
    1.532,
    0.269,
    0.1,
    1.547,
    2.076,
    2.427,
    2.488,
    1.827,
    0.1,
    0.229,
    0.9,
    1.743,
    2.082,
    2.56,
    3.05,
    3.05,
    3.05,
    3.05,
    3.064,
    3.079,
    2.062,
    2.086,
    3.157,
    3.157,
    3.157,
    3.15,
    3.15,
    3.157,
    3.157,
    3.229,
    3.307,
    3.321,
    3.321,
    3.321,
    3.329,
    3.454,
    3.633,
    3.617,
    3.608,
    2.081,
    0.668,
    0.1,
    0.1,
    0.1,
    0.1,
    0.1,
    0.1,
    0.1,
    0.1,
    0.1,
    0.1,
    0.1,
    0.1,
    0.1,
    0.1,
    0.1,
    0.1,
    0.1,
    0.1,
    0.1,
    0.1,
    0.1,
    0.1,
    0.1,
    0.1,
    0.1,
    0.1,
    0.1,
    0.1,
    0.1,
    0.1,
    0.1,
    1.25,
    1.557,
    1.593,
    2.833,
    3.064,
    3.262,
    3.35,
    3.358,
    0.749,
    0.144,
    0.1,
    0.1,
    0.1,
    0.1,
    0.4,
    1.167,
    1.517,
    1.66,
    1.76,
    1.36,
    1.063,
    0.608,
    1.105,
    0.912,
    0.5,
    0.386,
    0.341,
    0.867,
    0.873,
    0.867,
    0.86,
    0.864,
    0.875,
    0.873,
    0.862,
    0.869,
    0.981,
    0.591,
    0.1,
    0.37,
    1.503,
    3.279,
    3.354,
    3.358,
    3.358,
    3.358,
    3.358,
    1.826,
    1.673,
    2.535,
    2.793,
    0.833,
    0.23,
    0.1,
    0.1,
    0.1,
    0.1,
    0.1,
    0.1,
    0.1,
    0.475,
    0.438,
    0.1,
    0.1,
    0.1,
    0.1,
    0.1,
    0.1,
    0.24,
    0.658,
    1.5,
    1.463,
    1.463,
    1.47,
    1.464,
    1.46,
    1.464,
    1.464,
    1.492,
    2.027,
    1.564,
    1.608,
    2.619,
    2.706,
    1.346,
    1.0,
    1.809,
    1.615,
    0.188,
    0.101,
    0.224,
    0.1,
    0.1,
    0.286,
    0.792,
    1.29,
    0.822,
    0.1,
    0.1,
    0.1,
    0.463,
    0.967,
    1.5,
    1.653,
    1.575,
    1.117
  ],
  "watts": [
    0.00013500000000000003,
    0.00013500000000000003,
    0.00013500000000000003,
    0.00013500000000000003,
    1.3754126770833333,
    14.480704954439997,
    14.325403186804998,
    16.008280922255,
    13.245032248500005,
    11.373025581869998,
    10.424150593215003,
    10.42609380574999,
    10.979329073215,
    11.802835377075558,
    13.620036279004994,
    14.475692950184998,
    13.336134159249996,
    13.592721237285003,
    13.567126872014985,
    13.11221914834,
    13.121339863285,
    14.031584608965009,
    14.698745660714993,
    13.821147108785,
    13.453333212964996,
    13.62480513012499,
    13.470682409374998,
    9.046151137804998,
    3.66744644459,
    0.7408312744999999,
    12.835958488355,
    21.836482692218336,
    18.38110642233,
    13.635870464845,
    9.603790158829998,
    3.717860531624999,
    0.8303256215566666,
    8.683534078875,
    16.36683712957,
    15.728277959054994,
    24.865601396892856,
    31.543030473749983,
    16.243071612499996,
    16.243071612499996,
    16.243071612499996,
    16.832009585190004,
    16.987159661675722,
    11.644903251654998,
    10.25627949191714,
    48.20703965518,
    17.095967501304997,
    17.095967501304997,
    17.053530496624997,
    17.039286337499995,
    17.343463842180004,
    17.095967501304997,
    20.265694624550715,
    21.204841690662132,
    18.98201290823501,
    18.460377226485,
    18.460377226485,
    18.827876507765,
    25.229952731765,
    29.66885327095332,
    21.141090719005,
    21.042650877995,
    12.793037763409998,
    5.634125256694999,
    1.5629227439999998,
    0.20362298749999996,
    0.00013500000000000003,
    0.00013500000000000003,
    0.00013500000000000003,
    0.00013500000000000003,
    0.00013500000000000003,
    0.00013500000000000003,
    0.00013500000000000003,
    0.00013500000000000003,
    0.00013500000000000003,
    0.00013500000000000003,
    0.00013500000000000003,
    0.00013500000000000003,
    0.00013500000000000003,
    0.00013500000000000003,
    0.06820146362499999,
    0.1635639938863636,
    0.18123930887499995,
    0.23682298749999997,
    0.234146185625,
    0.11612315287499998,
    0.00013500000000000003,
    0.00013500000000000003,
    0.00013500000000000003,
    0.00013500000000000003,
    0.00013500000000000003,
    0.00013500000000000003,
    0.00013500000000000003,
    0.00013500000000000003,
    0.00013500000000000003,
    10.01213282986111,
    8.103714064522103,
    7.543868211944999,
    44.61334256138787,
    23.958920152314995,
    26.221927487529996,
    22.554505358500005,
    19.13297362762,
    8.413977262739998,
    1.8175508362149997,
    0.2931577019999999,
    0.00013500000000000003,
    0.00013500000000000003,
    0.00013500000000000003,
    3.0359252833333334,
    20.029346733296663,
    18.92794339858833,
    16.509296572874998,
    12.4262789325,
    6.688411769999999,
    5.092670138469999,
    3.430626292244999,
    6.02332773025,
    4.206757029154999,
    2.8901253834999996,
    1.81066775081,
    1.48471066496,
    6.313178042290714,
    3.7388266957949994,
    3.6286724215049992,
    3.6001051041249994,
    3.642901531273333,
    3.761404472416666,
    3.6467907347949993,
    3.616984613404999,
    3.673825713839999,
    4.553424201631153,
    3.2266985480849995,
    1.2027490061249997,
    1.0179868905681817,
    16.850769012734283,
    64.84062040137215,
    22.031804752515008,
    18.955635813786664,
    18.77807666662,
    18.77807666662,
    18.77807666662,
    11.37074964876,
    7.752196791919999,
    29.578587364625,
    21.932745665123573,
    7.456505714244999,
    2.1647198521249997,
    0.59025016375,
    0.12222779249999996,
    0.00013500000000000003,
    0.00013500000000000003,
    0.00013500000000000003,
    0.20858089912499997,
    0.41428636995833334,
    2.178794964583333,
    1.869189061595,
    1.09490037275,
    0.3867621762499999,
    0.18327418874999996,
    0.00013500000000000003,
    0.00013500000000000003,
    0.00013500000000000003,
    0.7292774099999999,
    9.65458531987,
    23.69864427025,
    6.452082648969999,
    6.376792093595,
    6.5391393617083295,
    6.393938574689999,
    6.370127114499999,
