{
  "calibrated": false,
  "cg_build": "T15-cg_build-20251216",
  "metrics": {
    "cg_build": "T15-cg_build-20251216",
    "core_n_device_samples": 0,
    "core_watts_source": "disabled_no_powermeter",
    "drag_watt": 1.8440227008106889,
    "eff_used": 0.955,
    "gravity_watt": 0.0,
    "gravity_watt_pedal": 0.0,
    "model_watt_crank": 7.218253911352724,
    "model_watt_wheel": 6.893432485341851,
    "model_watt_wheel_pedal": 12.027870095241331,
    "model_watt_wheel_pedal_elapsed": 6.893432485341852,
    "model_watt_wheel_pedal_moving": 12.027870095241331,
    "pedal_ratio_elapsed_over_moving": 0.5731216275830205,
    "precision_watt": 7.218253911352724,
    "precision_watt_avg": 6.893432485341851,
    "precision_watt_crank": 7.218253911352724,
    "precision_watt_pedal": 12.594628371980452,
    "profile_used": {
      "calibrated": false,
      "weight_kg": 111.8,
      "cda": 0.3,
      "crr": 0.004,
      "crank_eff_pct": 95.5,
      "device": "strava",
      "profile_version": "v1-4a91c7ca-20260121"
    },
    "rolling_watt": 5.0494097845311625,
    "total_watt": 6.893432485341851,
    "total_watt_pedal": 12.027870095241331,
    "wind_effect": 0.55,
    "precision_watt_signed": 6.893432485341851,
    "total_watt_signed": 6.893432485341851,
    "gravity_watt_signed": 0.0,
    "model_watt_wheel_signed": 6.893432485341851,
    "calibration_mae": null,
    "calibrated": false,
    "calibration_status": "not_available",
    "estimated_error_pct_range": [
      null,
      null
    ],
    "precision_quality_hint": "no-heuristics-available",
    "weather_applied": false
  },
  "precision_watt_avg": 12.594628371980452,
  "source": "rust_1arg",
  "v_rel": [
    0.1,
    0.1,
    0.1,
    0.1,
    0.1,
    0.419,
    1.0,
    2.113,
    2.275,
    2.344,
    1.31,
    1.4,
    2.057,
    2.3,
    2.45,
    2.5,
    2.513,
    2.517,
    2.538,
    1.53,
    1.024,
    0.704,
    0.628,
    1.021,
    2.145,
    2.471,
    2.669,
    2.762,
    1.904,
    0.697,
    0.646,
    2.869,
    3.775,
    3.717,
    3.7,
    3.775,
    3.825,
    1.431,
    0.335,
    1.0,
    1.794,
    2.7,
    1.071,
    0.69,
    1.906,
    3.346,
    3.45,
    3.45,
    3.458,
    2.311,
    2.494,
    4.091,
    4.18,
    4.19,
    4.21,
    4.18,
    4.13,
    4.12,
    4.12,
    0.655,
    0.182,
    0.1,
    0.1,
    0.1,
    0.1,
    0.1,
    0.1,
    0.1,
    0.1,
    0.1,
    0.1,
    0.1,
    0.1,
    0.1,
    0.1,
    0.1,
    0.1,
    0.1,
    0.158,
    0.181,
    0.1,
    0.386,
    1.563,
    1.588,
    0.363,
    0.1,
    0.1,
    1.69,
    3.283,
    3.8,
    3.225,
    1.04,
    0.1,
    0.1,
    0.1,
    0.597,
    0.681,
    0.424,
    0.529,
    0.328,
    0.1,
    0.1,
    0.1,
    0.1,
    0.1,
    0.1,
    0.164,
    0.533,
    0.375,
    0.1,
    0.1,
    0.1,
    0.1,
    0.1,
    0.1,
    0.1,
    0.1,
    0.1,
    0.1,
    0.1,
    0.1,
    0.1,
    0.1,
    1.1,
    2.633,
    3.43,
    3.722,
    3.75,
    3.764,
    3.767,
    3.85,
    3.925,
    3.917,
    3.925,
    3.925,
    3.917,
    3.917,
    3.917,
    1.204,
    1.172,
    3.808,
    0.525,
    0.1,
    0.1,
    0.1,
    0.117,
    0.1,
    0.1,
    0.1,
    0.1,
    0.1,
    0.1,
    0.1,
    0.1,
    0.1,
    0.1,
    0.167,
    0.208,
    0.1,
    0.1,
    0.1,
    0.1,
    0.711,
    1.57,
    2.05,
    2.556,
    2.925,
    2.9,
    2.912,
    3.111,
    3.436,
    3.573,
    3.57,
    3.255,
    2.079,
    2.3,
    3.331,
    3.285,
    3.417,
    3.467,
    1.07,
    0.1,
    0.1,
    0.821,
    2.676,
    3.2,
    3.179,
    3.179,
    3.392,
    3.809,
    4.0,
    3.992,
    4.0,
    0.889,
    0.1,
    0.1,
    0.1,
    0.1,
    0.1,
    0.1,
    0.1,
    0.1,
    0.1,
    0.168,
    0.272,
    0.282,
    0.789,
    0.932,
    0.638,
    0.433
  ],
  "watts": [
    0.00013500000000000003,
    0.00013500000000000003,
    0.00013500000000000003,
    0.00013500000000000003,
    0.00013500000000000003,
    1.64908528779,
    9.145102593158333,
    37.47485733636999,
    21.564260574024992,
    18.853102028664996,
    10.31895528345,
    9.037893463795452,
    23.34677274053,
    20.160922046974996,
    19.430297247916677,
    17.406526691249994,
    16.40329951115571,
    16.164663261005,
    16.804336122344996,
    11.6337327849,
    7.145363602190001,
    4.78347993504,
    3.6843928306199993,
    7.956833555764543,
    32.112977601647216,
    25.203984013785,
    23.766571971215,
    21.259906514705,
    13.721138698190002,
    7.1749457115299995,
    3.717501628885,
    85.62151111534003,
    81.55474380232496,
    27.468106772855,
    27.167845492475,
    32.97429711124998,
    31.92650824770835,
    14.802075504585,
    4.845608395675,
    9.997507643625,
    20.83876879279,
    52.90847788545,
    10.50200008641,
    4.8711769416749995,
    33.25908552288857,
    89.91356383546,
    30.756015463633343,
    24.4562042325,
    25.03166176168667,
    17.47881543726,
    23.45681510421501,
    144.86402892696,
    40.75995494092496,
    33.808198074750074,
    34.97578510499996,
    32.85631860325,
    32.28744118425,
    32.05407034875,
    32.026660762,
    13.126014208750002,
    2.294996267655,
    0.49898947884999995,
    0.00013500000000000003,
    0.00013500000000000003,
    0.00013500000000000003,
    0.00013500000000000003,
    0.00013500000000000003,
    0.00013500000000000003,
    0.00013500000000000003,
    0.00013500000000000003,
    0.00013500000000000003,
    0.00013500000000000003,
    0.00013500000000000003,
    0.00013500000000000003,
    0.00013500000000000003,
    0.00013500000000000003,
    0.15521975352499998,
    0.34078904099999996,
    0.6670113361689131,
    1.03894858086,
    0.496248520175,
    3.1479933301100003,
    37.915879806419994,
    10.278252888645005,
    5.35406771477,
    0.995102999025,
    0.00013500000000000003,
    31.893171042416665,
    92.21422127602,
    60.938734445025,
    23.78340680125,
    11.842045388875,
    2.8507320220000003,
    0.00013500000000000003,
    0.00013500000000000003,
    2.9102810560799997,
    3.831341854185,
    3.039049714115,
    2.8651865247900004,
    2.353765403995,
    0.8991694454,
    0.00013500000000000003,
    0.00013500000000000003,
    0.00013500000000000003,
    0.00013500000000000003,
    0.00013500000000000003,
    0.75080998014,
    5.52516199547,
    2.4959096175249997,
    1.027994503125,
    0.00013500000000000003,
    0.00013500000000000003,
    0.00013500000000000003,
    0.00013500000000000003,
    0.00013500000000000003,
    0.00013500000000000003,
    0.00013500000000000003,
    0.00013500000000000003,
    0.00013500000000000003,
    0.00013500000000000003,
    0.00013500000000000003,
    0.00013500000000000003,
    0.00013500000000000003,
    14.467906209166667,
    66.01264355227,
    89.59631811652503,
    49.91232917507999,
    29.9386187246,
    28.77481259605665,
    28.069051750930004,
    34.47197575247501,
    34.90679049499998,
    29.607840918105,
    30.242143876224997,
    29.679581145624997,
    29.607840918105,
    29.585913248705,
    29.585913248705,
    14.272069959314996,
    6.72984627228,
    143.40707036662,
    11.89610886065,
    1.6885655438,
    0.485284685475,
    0.23585744604999995,
    0.5759800827300001,
    0.562031528375,
    0.2413393634,
    0.00013500000000000003,
    0.00013500000000000003,
    0.00013500000000000003,
    0.00013500000000000003,
    0.00013500000000000003,
    0.00013500000000000003,
    0.00013500000000000003,
    0.00013500000000000003,
    0.7182013728966667,
    1.172318106245,
    0.5702544044,
    0.00013500000000000003,
    0.00013500000000000003,
    0.00013500000000000003,
    7.649068831109999,
    28.680419512675,
    30.511680278499988,
    47.44981766521002,
    46.66588069454998,
    19.258599281874996,
    20.23868118038,
    33.97363460471002,
    43.24520255245165,
    36.10468691787,
    25.721072370524997,
    23.362761817499997,
    15.833375342714998,
    22.66149105449165,
    66.78539706149573,
