{
  "calibrated": false,
  "cg_build": "T15-cg_build-20251216",
  "metrics": {
    "cg_build": "T15-cg_build-20251216",
    "core_n_device_samples": 0,
    "core_watts_source": "disabled_no_powermeter",
    "drag_watt": 2.130549661839551,
    "eff_used": 0.955,
    "gravity_watt": 0.0,
    "gravity_watt_pedal": 0.0,
    "model_watt_crank": 9.257407374619394,
    "model_watt_wheel": 8.84082404276152,
    "model_watt_wheel_pedal": 12.254582906270482,
    "model_watt_wheel_pedal_elapsed": 8.840824042761524,
    "model_watt_wheel_pedal_moving": 12.254582906270482,
    "pedal_ratio_elapsed_over_moving": 0.7214300242106004,
    "precision_watt": 9.257407374619394,
    "precision_watt_avg": 8.84082404276152,
    "precision_watt_crank": 9.257407374619394,
    "precision_watt_pedal": 12.832023985623541,
    "profile_used": {
      "calibrated": false,
      "weight_kg": 112.2,
      "cda": 0.3,
      "crr": 0.004,
      "crank_eff_pct": 95.5,
      "device": "strava",
      "profile_version": "v1-f3ec4656-20260121"
    },
    "rolling_watt": 6.71027438092197,
    "total_watt": 8.84082404276152,
    "total_watt_pedal": 12.254582906270482,
    "wind_effect": 0.55,
    "precision_watt_signed": 8.84082404276152,
    "total_watt_signed": 8.84082404276152,
    "gravity_watt_signed": 0.0,
    "model_watt_wheel_signed": 8.84082404276152,
    "calibration_mae": null,
    "calibrated": false,
    "calibration_status": "not_available",
    "estimated_error_pct_range": [
      null,
      null
    ],
    "precision_quality_hint": "no-heuristics-available",
    "weather_applied": false
  },
  "precision_watt_avg": 12.832023985623541,
  "source": "rust_1arg",
  "v_rel": [
    0.1,
    0.1,
    0.1,
    0.1,
    0.1,
    0.1,
    0.1,
    0.1,
    0.1,
    0.1,
    0.625,
    1.332,
    2.108,
    2.2,
    2.2,
    1.222,
    0.55,
    0.1,
    0.945,
    1.037,
    1.588,
    3.589,
    3.45,
    3.35,
    3.46,
    3.467,
    3.467,
    3.354,
    3.207,
    3.186,
    3.271,
    2.138,
    2.067,
    3.215,
    3.308,
    1.573,
    1.554,
    1.394,
    1.444,
    3.767,
    3.742,
    3.7,
    3.5,
    3.338,
    3.431,
    3.525,
    3.517,
    0.9,
    0.1,
    0.1,
    0.1,
    0.1,
    0.1,
    0.1,
    0.1,
    0.1,
    0.1,
    0.1,
    0.1,
    0.276,
    0.637,
    1.882,
    0.882,
    0.241,
    0.1,
    0.54,
    0.515,
    1.346,
    2.592,
    0.993,
    0.1,
    1.133,
    3.011,
    3.575,
    3.56,
    3.508,
    3.442,
    3.383,
    3.367,
    1.439,
    1.342,
    2.311,
    2.618,
    3.179,
    1.688,
    1.68,
    3.442,
    3.508,
    3.525,
    3.492,
    1.305,
    1.165,
    2.929,
    1.795,
    0.895,
    0.1,
    0.1,
    0.1,
    0.1,
    0.1,
    0.1,
    0.1,
    0.1,
    0.1,
    0.137,
    0.127,
    0.306,
    0.646,
    1.224,
    2.6,
    0.542,
    0.1,
    0.62,
    2.083,
    2.512,
    2.667,
    2.92,
    3.092,
    3.25,
    3.431,
    3.508,
    1.08,
    0.867,
    2.17,
    3.269,
    2.547,
    2.328,
    2.76,
    3.15,
    3.307,
    1.821,
    1.558,
    2.525,
    3.05,
    1.184,
    0.86,
    2.21,
    1.034,
    0.474,
    0.1,
    0.1,
    0.1,
    0.1,
    0.1,
    0.1,
    0.1,
    0.1,
    0.1,
    0.1,
    0.1,
    0.1,
    0.1,
    0.448,
    1.063,
    2.025,
    2.65,
    3.057,
    3.15,
    3.2,
    3.211,
    3.25,
    3.33,
    1.933,
    1.842,
    3.667,
    3.655,
    3.667,
    3.692,
    2.472,
    2.367,
    3.375,
    3.358,
    3.254,
    3.346,
    3.583,
    3.65,
    1.784,
    1.756,
    1.738,
    1.519,
    2.669,
    3.164,
    3.269,
    3.633,
    3.883,
    0.838,
    0.193,
    0.1,
    0.42,
    0.28,
    0.1,
    0.1,
    0.1,
    0.1,
    0.1,
    0.523,
    1.164,
    1.753,
    1.194,
    0.1,
    0.1
  ],
  "watts": [
    0.00013500000000000003,
    0.00013500000000000003,
    0.00013500000000000003,
    0.00013500000000000003,
    0.00013500000000000003,
    0.00013500000000000003,
    0.00013500000000000003,
    0.00013500000000000003,
    0.04619890234285714,
    0.17659914885,
    3.32205959615,
    13.464279090705,
    60.64573861912001,
    17.734666940100002,
    13.54084743,
    9.65946600363,
    4.896816780899999,
    1.51305592875,
    9.8703583965,
    6.455021357304998,
    23.989697956845006,
    165.76916895083997,
    24.906226497675,
    23.780579835000005,
    31.328731223249992,
    25.133866112280003,
    24.699749319555,
    23.856548073465,
    22.50054524763,
    21.951515568284997,
    26.88500500036714,
    16.198230072644996,
    12.75918488463,
    75.71165410227499,
    27.691884691523565,
    13.95192168612,
    9.108268398915,
    8.474953760939998,
    9.53991340419,
    134.73381917808,
    27.729172081304995,
    27.30935054865,
    25.59363534,
    23.83076270607,
    29.95841755371,
    31.16099629757499,
    25.243765989405,
    12.248545440524998,
    2.530839099,
    0.0551503065,
    0.00013500000000000003,
    0.00013500000000000003,
    0.00013500000000000003,
    0.00013500000000000003,
    0.00013500000000000003,
    0.00013500000000000003,
    0.00013500000000000003,
    0.00013500000000000003,
    0.00013500000000000003,
    0.9869692106178948,
    6.24437630688,
    37.152123734355,
    7.695742768979998,
    3.0909991253099993,
    0.663069443325,
    4.2331309155,
    2.920497186,
    19.908072034185004,
    59.06153257273,
    9.99367848882,
    2.852678642025,
    17.81526609852,
    124.233022501485,
    76.380708171075,
    25.717642753875,
    25.270315106219996,
    24.62293363863,
    24.00082003287,
    23.720701245254997,
    13.622446767015,
    7.976159016704999,
    31.57280734341,
    28.108145831959284,
    46.346740489075714,
    14.037283347495,
    9.904697934599998,
    103.97794802453,
    29.234569797869987,
    26.37707217759999,
    25.050645936404997,
    13.495451693399996,
    7.007847914624999,
    82.177894337565,
    13.775392603425,
    7.496342569874999,
    2.462069965875,
    0.00013500000000000003,
    0.00013500000000000003,
    0.00013500000000000003,
    0.00013500000000000003,
    0.00013500000000000003,
    0.00013500000000000003,
    0.00013500000000000003,
    0.00013500000000000003,
    0.42506293218,
    0.7264785775049999,
    2.0645780288849997,
    3.610830507233683,
    15.49753075999,
    86.68876820279999,
    8.66439936303,
    1.65609572565,
    9.023654701,
    82.60438025472003,
    36.89714380165499,
    28.065672363179985,
    31.945960600775003,
    28.815614359637152,
    30.11025336615,
    35.13695660511,
    29.911199429294996,
    12.7905724311,
    5.443721526779999,
    46.733469397025,
    67.58254430739001,
    18.229045508805,
    15.113247818894996,
    34.44973996217142,
    38.94869333860714,
    30.768599516901432,
    14.921123525834998,
    9.805383503295,
    45.047157722421424,
    42.62263356187499,
    11.870813049089998,
    5.7084318842999995,
    43.117227925607146,
    9.072726200339998,
    4.162531127339999,
    1.3039977640499998,
    0.00013500000000000003,
    0.00013500000000000003,
    0.00013500000000000003,
    0.00013500000000000003,
    0.00013500000000000003,
    0.13101959587499998,
    0.28437080184999997,
    0.14592556222499997,
    0.00013500000000000003,
    0.00013500000000000003,
    0.00013500000000000003,
    0.24882593534999997,
    2.4516031388700004,
    14.744915907419998,
    65.166638882975,
    70.011189769375,
    52.131909970829994,
    26.690840347274992,
    25.453389813750015,
    23.09366971925997,
    25.940997114825013,
    28.0068908335,
    15.45233339247,
    11.227867459755,
    134.61581984043,
    26.73278062027499,
    27.619447274655,
    28.756943511555026,
    18.995008299779997,
    15.10126466418,
    75.10194961177501,
    23.632726359345,
    22.83948952254,
    28.889588019360005,
    40.62412158567001,
    30.992060320724985,
    15.714169647089998,
    10.46869229466,
    10.319907747269998,
    9.432401646989998,
    52.685333919957856,
    43.46119590102215,
    28.72732249044,
