{
  "calibrated": false,
  "cg_build": "T15-cg_build-20251216",
  "metrics": {
    "cg_build": "T15-cg_build-20251216",
    "core_n_device_samples": 0,
    "core_watts_source": "disabled_no_powermeter",
    "drag_watt": 2.130549661839551,
    "eff_used": 0.955,
    "gravity_watt": 0.0,
    "gravity_watt_pedal": 0.0,
    "model_watt_crank": 9.232357587381117,
    "model_watt_wheel": 8.816901495948965,
    "model_watt_wheel_pedal": 12.221526639896249,
    "model_watt_wheel_pedal_elapsed": 8.81690149594897,
    "model_watt_wheel_pedal_moving": 12.221526639896249,
    "pedal_ratio_elapsed_over_moving": 0.7214239068273895,
    "precision_watt": 9.232357587381117,
    "precision_watt_avg": 8.816901495948965,
    "precision_watt_crank": 9.232357587381117,
    "precision_watt_pedal": 12.797410094132198,
    "profile_used": {
      "calibrated": false,
      "weight_kg": 111.8,
      "cda": 0.3,
      "crr": 0.004,
      "crank_eff_pct": 95.5,
      "device": "strava",
      "profile_version": "v1-4a91c7ca-20260121"
    },
    "rolling_watt": 6.686351834109414,
    "total_watt": 8.816901495948965,
    "total_watt_pedal": 12.221526639896249,
    "wind_effect": 0.55,
    "precision_watt_signed": 8.816901495948965,
    "total_watt_signed": 8.816901495948965,
    "gravity_watt_signed": 0.0,
    "model_watt_wheel_signed": 8.816901495948965,
    "calibration_mae": null,
    "calibrated": false,
    "calibration_status": "not_available",
    "estimated_error_pct_range": [
      null,
      null
    ],
    "precision_quality_hint": "no-heuristics-available",
    "weather_applied": false
  },
  "precision_watt_avg": 12.797410094132198,
  "source": "rust_1arg",
  "v_rel": [
    0.1,
    0.1,
    0.1,
    0.1,
    0.1,
    0.1,
    0.1,
    0.1,
    0.1,
    0.1,
    0.625,
    1.332,
    2.108,
    2.2,
    2.2,
    1.222,
    0.55,
    0.1,
    0.945,
    1.037,
    1.588,
    3.589,
    3.45,
    3.35,
    3.46,
    3.467,
    3.467,
    3.354,
    3.207,
    3.186,
    3.271,
    2.138,
    2.067,
    3.215,
    3.308,
    1.573,
    1.554,
    1.394,
    1.444,
    3.767,
    3.742,
    3.7,
    3.5,
    3.338,
    3.431,
    3.525,
    3.517,
    0.9,
    0.1,
    0.1,
    0.1,
    0.1,
    0.1,
    0.1,
    0.1,
    0.1,
    0.1,
    0.1,
    0.1,
    0.276,
    0.637,
    1.882,
    0.882,
    0.241,
    0.1,
    0.54,
    0.515,
    1.346,
    2.592,
    0.993,
    0.1,
    1.133,
    3.011,
    3.575,
    3.56,
    3.508,
    3.442,
    3.383,
    3.367,
    1.439,
    1.342,
    2.311,
    2.618,
    3.179,
    1.688,
    1.68,
    3.442,
    3.508,
    3.525,
    3.492,
    1.305,
    1.165,
    2.929,
    1.795,
    0.895,
    0.1,
    0.1,
    0.1,
    0.1,
    0.1,
    0.1,
    0.1,
    0.1,
    0.1,
    0.137,
    0.127,
    0.306,
    0.646,
    1.224,
    2.6,
    0.542,
    0.1,
    0.62,
    2.083,
    2.512,
    2.667,
    2.92,
    3.092,
    3.25,
    3.431,
    3.508,
    1.08,
    0.867,
    2.17,
    3.269,
    2.547,
    2.328,
    2.76,
    3.15,
    3.307,
    1.821,
    1.558,
    2.525,
    3.05,
    1.184,
    0.86,
    2.21,
    1.034,
    0.474,
    0.1,
    0.1,
    0.1,
    0.1,
    0.1,
    0.1,
    0.1,
    0.1,
    0.1,
    0.1,
    0.1,
    0.1,
    0.1,
    0.448,
    1.063,
    2.025,
    2.65,
    3.057,
    3.15,
    3.2,
    3.211,
    3.25,
    3.33,
    1.933,
    1.842,
    3.667,
    3.655,
    3.667,
    3.692,
    2.472,
    2.367,
    3.375,
    3.358,
    3.254,
    3.346,
    3.583,
    3.65,
    1.784,
    1.756,
    1.738,
    1.519,
    2.669,
    3.164,
    3.269,
    3.633,
    3.883,
    0.838,
    0.193,
    0.1,
    0.42,
    0.28,
    0.1,
    0.1,
    0.1,
    0.1,
    0.1,
    0.523,
    1.164,
    1.753,
    1.194,
    0.1,
    0.1
  ],
  "watts": [
    0.00013500000000000003,
    0.00013500000000000003,
    0.00013500000000000003,
    0.00013500000000000003,
    0.00013500000000000003,
    0.00013500000000000003,
    0.00013500000000000003,
    0.00013500000000000003,
    0.046034681657142855,
    0.17597004315,
    3.3103337472666667,
    13.417415496655002,
    60.43404107645334,
    17.676566451900005,
    13.49769817,
    9.62590764733,
    4.8794393971,
    1.50766227125,
    9.83557611225,
    6.432545510338333,
    23.906100500595,
    165.20044107378996,
    24.837197488325003,
    23.713894615,
    31.23697793674999,
    25.064319147730007,
    24.631750008455,
    23.789656913815,
    22.436203816979997,
    21.888821654835,
    26.806002175602856,
    16.145185902795,
    12.71794792138,
    75.45773084364166,
    27.610583370716423,
    13.90405542747,
    9.077603004365,
    8.446043756739998,
    9.507352131490002,
    134.27921162493,
    27.655533946455,
    27.23636945935,
    25.52302746,
    23.76370483337,
    29.87105243986,
    31.070985773508323,
    25.174707560105,
    12.205229467474998,
    2.521816981,
    0.0549541735,
    0.00013500000000000003,
    0.00013500000000000003,
    0.00013500000000000003,
    0.00013500000000000003,
    0.00013500000000000003,
    0.00013500000000000003,
    0.00013500000000000003,
    0.00013500000000000003,
    0.00013500000000000003,
    0.983460722586316,
    6.22223911543,
    37.022882283005,
    7.668637188379999,
    3.07998625736,
    0.6607060406749999,
    4.218115324500001,
    2.9101511702500003,
    19.838272158535,
    58.85935571836333,
    9.95852164857,
    2.842509145975,
    17.75245355147,
    123.803262143885,
    76.130396374175,
    25.647672306125,
    25.20100170402,
    24.55477742113,
    23.93388964662,
    23.654506357755,
    13.575316007115,
    7.948886723055,
    31.466188510959995,
    28.016574482680713,
    46.19697371045429,
    13.989554381944998,
    9.8716691374,
    103.62688622989668,
    29.15112358036999,
    26.30411664148332,
    24.981832673355,
    13.448409193349995,
    6.983625489124999,
    81.89701871246498,
    13.729065988825,
    7.469962681374999,
    2.453293014125,
    0.00013500000000000003,
    0.00013500000000000003,
    0.00013500000000000003,
    0.00013500000000000003,
    0.00013500000000000003,
    0.00013500000000000003,
    0.00013500000000000003,
    0.00013500000000000003,
    0.4235487938572728,
    0.723889621905,
    2.057231469435,
    3.598087418538947,
    15.443163657823334,
    86.38817637320001,
    8.633586868730001,
    1.6501921223500002,
    8.991599512333332,
    82.31424027977,
    36.773232044904994,
    27.974746472829985,
    31.84405381389167,
    28.727112094122862,
    30.019429991849996,
    35.03112967646,
    29.825340984944994,
    12.7455795209,
    5.424627979229999,
    46.57177956764166,
    67.35842133804,
    18.172010032405,
    15.065440400145,
    34.33704326982856,
    38.824881751392866,
    30.67631372070857,
    14.870835024635,
    9.772246832945,
    44.89430971332857,
    42.48433648812499,
    11.82929169299,
    5.688387091699999,
    42.96870722439286,
    9.040913427739998,
    4.14774269914,
    1.29934941195,
    0.00013500000000000003,
    0.00013500000000000003,
    0.00013500000000000003,
    0.00013500000000000003,
    0.00013500000000000003,
    0.130552984125,
    0.28335748348333334,
    0.14540580977499998,
    0.00013500000000000003,
    0.00013500000000000003,
    0.00013500000000000003,
    0.24793933665,
    2.4429062955154546,
    14.69292745927,
    64.93831221444167,
    69.77055201395834,
    51.95980596928,
    26.610728770724993,
    25.378417586250016,
    23.02727323610997,
    25.865037399175016,
    27.924816409833337,
    15.400720993519998,
    11.190847356005,
    134.15963800558,
    26.660976328974996,
    27.544714183355,
    28.678643874205022,
    18.93456010918,
    15.05381028483,
    74.852708627475,
    23.566698184895003,
    22.77464795274,
    28.804624129360004,
    40.50143220782001,
    30.90497512127498,
    15.66088031099,
    10.43397675366,
    10.28564331217,
    9.400461387939998,
    52.50665795547214,
    43.32149842585787,
    28.641720810989995,
    48.79798232167832,
