{
  "calibrated": false,
  "metrics": {
    "drag_watt": 183.75,
    "gravity_watt": 8.768886558823198,
    "precision_watt": 233.6289367108096,
    "profile_used": {
      "calibrated": false,
      "cda": 0.3,
      "crr": 0.004,
      "weight_kg": 78.0,
      "crank_eff_pct": 95.5,
      "device": "strava",
      "profile_version": "v1-df69063bfca4-20251110"
    },
    "rolling_watt": 30.59674799999996,
    "total_watt": 223.11563455882316,
    "calibration_mae": 13.035114270833384,
    "calibrated": true,
    "calibration_status": "ok",
    "weather_applied": false
  },
  "source": "rust_1arg",
  "v_rel": [
    10.0,
    10.0,
    10.0,
    10.0,
    10.0,
    10.0,
    10.0,
    10.0,
    10.0,
    10.0,
    10.0,
    10.0,
    10.0,
    10.0,
    10.0,
    10.0,
    10.0,
    10.0,
    10.0,
    10.0,
    10.0,
    10.0,
    10.0,
    10.0,
    10.0,
    10.0,
    10.0,
    10.0,
    10.0,
    10.0,
    10.0,
    10.0,
    10.0,
    10.0,
    10.0,
    10.0,
    10.0,
    10.0,
    10.0,
    10.0,
    10.0,
    10.0,
    10.0,
    10.0,
    10.0,
    10.0,
    10.0,
    10.0,
    10.0,
    10.0,
    10.0,
    10.0,
    10.0,
    10.0,
    10.0,
    10.0,
    10.0,
    10.0,
    10.0,
    10.0,
    10.0,
    10.0,
    10.0,
    10.0,
    10.0,
    10.0,
    10.0,
    10.0,
    10.0,
    10.0,
    10.0,
    10.0,
    10.0,
    10.0,
    10.0,
    10.0,
    10.0,
    10.0,
    10.0,
    10.0,
    10.0,
    10.0,
    10.0,
    10.0,
    10.0,
    10.0,
    10.0,
    10.0,
    10.0,
    10.0,
    10.0,
    10.0,
    10.0,
    10.0,
    10.0,
    10.0,
    10.0,
    10.0,
    10.0,
    10.0,
    10.0,
    10.0,
    10.0,
    10.0,
    10.0,
    10.0,
    10.0,
    10.0,
    10.0,
    10.0,
    10.0,
    10.0,
    10.0,
    10.0,
    10.0,
    10.0,
    10.0,
    10.0,
    10.0,
    10.0
  ],
  "watts": [
    213.4532,
    219.58235625,
    223.25985,
    223.25985,
    223.25985,
    223.25985,
    223.25985,
    223.25985,
    223.25984999999997,
    223.25985,
    223.25985000000003,
    223.25985,
    223.25984999999997,
    223.25984999999997,
    223.25984999999997,
    223.25985000000003,
    223.25985000000003,
    223.25984999999997,
    223.25984999999997,
    223.25984999999997,
    223.25985000000003,
    223.25985000000009,
    223.25985000000009,
    223.25984999999997,
    223.25984999999997,
    223.25984999999997,
    223.25984999999997,
    223.25985000000009,
    223.25984999999997,
    223.25984999999997,
    223.25984999999997,
    223.25984999999997,
    223.25985000000009,
    223.25984999999997,
    223.25984999999997,
    223.25984999999997,
    223.25984999999991,
    223.25984999999997,
    223.25984999999997,
    223.25985000000009,
    223.25985000000009,
    223.25984999999997,
    223.25985000000009,
    223.25984999999991,
    223.25985000000009,
    223.25985000000009,
    223.25985000000009,
    223.25985000000009,
    223.25984999999991,
    223.25985000000009,
    223.25984999999991,
    223.25985000000009,
    223.25985000000009,
    223.25984999999991,
    223.25985000000009,
    223.25984999999991,
    223.25985000000009,
    223.25985000000009,
    223.25984999999991,
    223.25985000000009,
    223.25984999999991,
    223.25985000000009,
    223.25985000000009,
    223.25984999999991,
    223.25985000000009,
    223.25984999999991,
    223.25985000000009,
    223.25985000000009,
    223.25984999999991,
    223.25985000000009,
    223.25984999999991,
    223.25985000000009,
    223.25985000000009,
    223.25984999999991,
    223.25984999999991,
    223.25984999999991,
    223.25985000000009,
    223.25985000000009,
    223.25985000000009,
    223.25984999999991,
    223.25985000000009,
    223.25985000000009,
    223.25985000000009,
    223.25985000000009,
    223.2598499999998,
    223.25985000000009,
    223.25985000000009,
    223.25985000000009,
    223.25985000000009,
    223.2598499999998,
    223.2598499999998,
    223.25985000000009,
    223.25985000000009,
    223.25985000000009,
    223.25985000000009,
    223.2598499999998,
    223.25985000000009,
    223.25985000000009,
    223.25985000000009,
    223.25985000000009,
    223.2598499999998,
    223.25985000000009,
    223.25985000000009,
    223.25985000000009,
    223.25985000000009,
    223.2598499999998,
    223.25985000000009,
    223.25985000000009,
    223.25985000000009,
    223.25985000000009,
    223.2598499999998,
    223.25985000000009,
    223.25985000000009,
    223.25985000000009,
    223.25985000000009,
    223.2598499999998,
    223.25985000000009,
    223.25985000000009,
    219.58235625000015,
    213.4532000000003
  ],
  "weather_applied": false,
  "wind_rel": [
    0.0,
    0.0,
    0.0,
    0.0,
    0.0,
    0.0,
    0.0,
    0.0,
    0.0,
    0.0,
    0.0,
    0.0,
    0.0,
    0.0,
    0.0,
    0.0,
    0.0,
    0.0,
    0.0,
    0.0,
    0.0,
    0.0,
    0.0,
    0.0,
    0.0,
    0.0,
    0.0,
    0.0,
    0.0,
    0.0,
    0.0,
    0.0,
    0.0,
    0.0,
    0.0,
    0.0,
    0.0,
    0.0,
    0.0,
    0.0,
    0.0,
    0.0,
    0.0,
    0.0,
    0.0,
    0.0,
    0.0,
    0.0,
    0.0,
    0.0,
    0.0,
    0.0,
    0.0,
    0.0,
    0.0,
    0.0,
    0.0,
    0.0,
    0.0,
    0.0,
    0.0,
    0.0,
    0.0,
    0.0,
    0.0,
    0.0,
    0.0,
    0.0,
    0.0,
    0.0,
    0.0,
    0.0,
    0.0,
    0.0,
    0.0,
    0.0,
    0.0,
    0.0,
    0.0,
    0.0,
    0.0,
    0.0,
    0.0,
    0.0,
    0.0,
    0.0,
    0.0,
    0.0,
    0.0,
    0.0,
    0.0,
    0.0,
    0.0,
    0.0,
    0.0,
    0.0,
    0.0,
    0.0,
    0.0,
    0.0,
    0.0,
    0.0,
    0.0,
    0.0,
    0.0,
    0.0,
    0.0,
    0.0,
    0.0,
    0.0,
    0.0,
    0.0,
    0.0,
    0.0,
    0.0,
    0.0,
    0.0,
    0.0,
    0.0,
    0.0
  ],
  "repr_kind": "object_v3",
  "debug": {
    "reason": "ok",
    "force_recompute": false,
    "persist_ignored": false,
    "ignored_persist": false,
    "used_fallback": false,
    "weather_source": "neutral"
  },
  "profile_used": {
    "calibrated": false,
    "cda": 0.3,
    "crr": 0.004,
    "weight_kg": 78.0,
    "crank_eff_pct": 95.5,
    "device": "strava",
    "profile_version": "v1-df69063bfca4-20251110"
  }
}