{
  "calibrated": false,
  "cg_build": "T15-cg_build-20251216",
  "metrics": {
    "cg_build": "T15-cg_build-20251216",
    "core_n_device_samples": 0,
    "core_watts_source": "disabled_no_powermeter",
    "drag_watt": 1.8440227008106889,
    "eff_used": 0.955,
    "gravity_watt": 0.0,
    "gravity_watt_pedal": 0.0,
    "model_watt_crank": 7.2419003339310555,
    "model_watt_wheel": 6.9160148189041575,
    "model_watt_wheel_pedal": 12.066893074217875,
    "model_watt_wheel_pedal_elapsed": 6.916014818904154,
    "model_watt_wheel_pedal_moving": 12.066893074217875,
    "pedal_ratio_elapsed_over_moving": 0.5731396455050151,
    "precision_watt": 7.2419003339310555,
    "precision_watt_avg": 6.9160148189041575,
    "precision_watt_crank": 7.2419003339310555,
    "precision_watt_pedal": 12.635490130071073,
    "profile_used": {
      "calibrated": false,
      "weight_kg": 112.3,
      "cda": 0.3,
      "crr": 0.004,
      "crank_eff_pct": 95.5,
      "device": "strava",
      "profile_version": "v1-baebb39c-20260121"
    },
    "rolling_watt": 5.071992118093468,
    "total_watt": 6.9160148189041575,
    "total_watt_pedal": 12.066893074217875,
    "wind_effect": 0.55,
    "precision_watt_signed": 6.9160148189041575,
    "total_watt_signed": 6.9160148189041575,
    "gravity_watt_signed": 0.0,
    "model_watt_wheel_signed": 6.9160148189041575,
    "calibration_mae": null,
    "calibrated": false,
    "calibration_status": "not_available",
    "estimated_error_pct_range": [
      null,
      null
    ],
    "precision_quality_hint": "no-heuristics-available",
    "weather_applied": false
  },
  "precision_watt_avg": 12.635490130071073,
  "source": "rust_1arg",
  "v_rel": [
    0.1,
    0.1,
    0.1,
    0.1,
    0.1,
    0.419,
    1.0,
    2.113,
    2.275,
    2.344,
    1.31,
    1.4,
    2.057,
    2.3,
    2.45,
    2.5,
    2.513,
    2.517,
    2.538,
    1.53,
    1.024,
    0.704,
    0.628,
    1.021,
    2.145,
    2.471,
    2.669,
    2.762,
    1.904,
    0.697,
    0.646,
    2.869,
    3.775,
    3.717,
    3.7,
    3.775,
    3.825,
    1.431,
    0.335,
    1.0,
    1.794,
    2.7,
    1.071,
    0.69,
    1.906,
    3.346,
    3.45,
    3.45,
    3.458,
    2.311,
    2.494,
    4.091,
    4.18,
    4.19,
    4.21,
    4.18,
    4.13,
    4.12,
    4.12,
    0.655,
    0.182,
    0.1,
    0.1,
    0.1,
    0.1,
    0.1,
    0.1,
    0.1,
    0.1,
    0.1,
    0.1,
    0.1,
    0.1,
    0.1,
    0.1,
    0.1,
    0.1,
    0.1,
    0.158,
    0.181,
    0.1,
    0.386,
    1.563,
    1.588,
    0.363,
    0.1,
    0.1,
    1.69,
    3.283,
    3.8,
    3.225,
    1.04,
    0.1,
    0.1,
    0.1,
    0.597,
    0.681,
    0.424,
    0.529,
    0.328,
    0.1,
    0.1,
    0.1,
    0.1,
    0.1,
    0.1,
    0.164,
    0.533,
    0.375,
    0.1,
    0.1,
    0.1,
    0.1,
    0.1,
    0.1,
    0.1,
    0.1,
    0.1,
    0.1,
    0.1,
    0.1,
    0.1,
    0.1,
    1.1,
    2.633,
    3.43,
    3.722,
    3.75,
    3.764,
    3.767,
    3.85,
    3.925,
    3.917,
    3.925,
    3.925,
    3.917,
    3.917,
    3.917,
    1.204,
    1.172,
    3.808,
    0.525,
    0.1,
    0.1,
    0.1,
    0.117,
    0.1,
    0.1,
    0.1,
    0.1,
    0.1,
    0.1,
    0.1,
    0.1,
    0.1,
    0.1,
    0.167,
    0.208,
    0.1,
    0.1,
    0.1,
    0.1,
    0.711,
    1.57,
    2.05,
    2.556,
    2.925,
    2.9,
    2.912,
    3.111,
    3.436,
    3.573,
    3.57,
    3.255,
    2.079,
    2.3,
    3.331,
    3.285,
    3.417,
    3.467,
    1.07,
    0.1,
    0.1,
    0.821,
    2.676,
    3.2,
    3.179,
    3.179,
    3.392,
    3.809,
    4.0,
    3.992,
    4.0,
    0.889,
    0.1,
    0.1,
    0.1,
    0.1,
    0.1,
    0.1,
    0.1,
    0.1,
    0.1,
    0.168,
    0.272,
    0.282,
    0.789,
    0.932,
    0.638,
    0.433
  ],
  "watts": [
    0.00013500000000000003,
    0.00013500000000000003,
    0.00013500000000000003,
    0.00013500000000000003,
    0.00013500000000000003,
    1.6564160332275,
    9.185398221929166,
    37.6367592131825,
    21.653592849274993,
    18.929642611602496,
    10.363747157325,
    9.076656672488635,
    23.4459309518425,
    20.243741264537498,
    19.508315898958344,
    17.474939713124996,
    16.467077896003925,
    16.22732857288,
    16.869619235782494,
    11.68359960015,
    7.176671332315001,
    4.80466229904,
    3.70072090287,
    7.9917760812588625,
    32.25063697457777,
    25.307593884285,
    23.861383447465,
    21.3422652536425,
    13.778335984315,
    7.2068295823425,
    3.7339645425725,
    85.99017595877751,
    81.88699903057498,
    27.559946050105,
    27.2587653962875,
    33.089287372187485,
    32.03550475604169,
    14.866505195085,
    4.867256575550001,
    10.0416154595625,
    20.928479417915,
    53.133215241825006,
    10.5482261828475,
    4.8927638299875,
    33.40364867356715,
    90.29306449271,
    30.868772288716677,
    24.54078658875,
    25.118644851103333,
    17.5495336420725,
    23.55235442077751,
    145.47056216477253,
    40.898149393612464,
    33.914985150375074,
    35.087154929999954,
    32.959165845125,
    32.389307761124996,
    32.155201426875,
    32.127669257,
    13.1845476509375,
    2.3052564752175,
    0.501220491725,
    0.00013500000000000003,
    0.00013500000000000003,
    0.00013500000000000003,
    0.00013500000000000003,
    0.00013500000000000003,
    0.00013500000000000003,
    0.00013500000000000003,
    0.00013500000000000003,
    0.00013500000000000003,
    0.00013500000000000003,
    0.00013500000000000003,
    0.00013500000000000003,
    0.00013500000000000003,
    0.00013500000000000003,
    0.15591333471250002,
    0.3423125385,
    0.6699920108292392,
    1.0435914612975,
    0.4984672747375,
    3.162037288735,
    38.083144569982494,
    10.321802268832506,
    5.377983682457501,
    0.9995527664625,
    0.00013500000000000003,
    32.03289175720833,
    92.6052647390825,
    61.1781396974625,
    23.8695214465625,
    11.894327091687504,
    2.8634806670000006,
    0.00013500000000000003,
    0.00013500000000000003,
    2.9231681592674996,
    3.8482859775600007,
    3.0525951494275003,
    2.877911040352501,
    2.3642707778075,
    0.9031901719,
    0.00013500000000000003,
    0.00013500000000000003,
    0.00013500000000000003,
    0.00013500000000000003,
    0.00013500000000000003,
    0.7541651433900001,
    5.5497806017825,
    2.5070401652750003,
    1.0325913703125,
    0.00013500000000000003,
    0.00013500000000000003,
    0.00013500000000000003,
    0.00013500000000000003,
    0.00013500000000000003,
    0.00013500000000000003,
    0.00013500000000000003,
    0.00013500000000000003,
    0.00013500000000000003,
    0.00013500000000000003,
    0.00013500000000000003,
    0.00013500000000000003,
    0.00013500000000000003,
    14.531807019583336,
    66.29684920783251,
    89.97265345271254,
    50.10441982607999,
    30.0406736356,
    28.871304722848315,
    28.16231047736751,
    34.591689443787516,
    35.02639574968748,
    29.703970604729996,
    30.34088756285,
    29.77580889875,
    29.703970604729996,
    29.68194486883,
    29.68194486883,
    14.3348447776275,
    6.75897202278,
    144.01508676287,
    11.9492241287125,
    1.6961166643,
    0.4874544067875,
    0.236911660925,
    0.5785550552925001,
    0.5645444824375001,
    0.2424180949,
    0.00013500000000000003,
    0.00013500000000000003,
    0.00013500000000000003,
    0.00013500000000000003,
    0.00013500000000000003,
    0.00013500000000000003,
    0.00013500000000000003,
    0.00013500000000000003,
    0.7214105527508334,
    1.1775555984325,
    0.5728041334,
    0.00013500000000000003,
    0.00013500000000000003,
    0.00013500000000000003,
    7.683060541297499,
    28.806349673487503,
    30.642935369749992,
    47.651944202585014,
    46.85947406786248,
    19.3300039521875,
    20.31428549263,
    34.10739527089752,
    43.41411501605582,
    36.23861708018251,
    25.8086334967125,
    23.4464248003125,
    15.89876118159,
