{
  "calibrated": false,
  "cg_build": "T15-cg_build-20251216",
  "metrics": {
    "cg_build": "T15-cg_build-20251216",
    "core_n_device_samples": 0,
    "core_watts_source": "disabled_no_powermeter",
    "drag_watt": 1.8440227008106889,
    "eff_used": 0.955,
    "gravity_watt": 0.0,
    "gravity_watt_pedal": 0.0,
    "model_watt_crank": 7.237171049415391,
    "model_watt_wheel": 6.911498352191698,
    "model_watt_wheel_pedal": 12.059088478422572,
    "model_watt_wheel_pedal_elapsed": 6.911498352191696,
    "model_watt_wheel_pedal_moving": 12.059088478422572,
    "pedal_ratio_elapsed_over_moving": 0.57313605124952,
    "precision_watt": 7.237171049415391,
    "precision_watt_avg": 6.911498352191698,
    "precision_watt_crank": 7.237171049415391,
    "precision_watt_pedal": 12.627317778452955,
    "profile_used": {
      "calibrated": false,
      "weight_kg": 112.2,
      "cda": 0.3,
      "crr": 0.004,
      "crank_eff_pct": 95.5,
      "device": "strava",
      "profile_version": "v1-f3ec4656-20260121"
    },
    "rolling_watt": 5.067475651381009,
    "total_watt": 6.911498352191698,
    "total_watt_pedal": 12.059088478422572,
    "wind_effect": 0.55,
    "precision_watt_signed": 6.911498352191698,
    "total_watt_signed": 6.911498352191698,
    "gravity_watt_signed": 0.0,
    "model_watt_wheel_signed": 6.911498352191698,
    "calibration_mae": null,
    "calibrated": false,
    "calibration_status": "not_available",
    "estimated_error_pct_range": [
      null,
      null
    ],
    "precision_quality_hint": "no-heuristics-available",
    "weather_applied": false
  },
  "precision_watt_avg": 12.627317778452955,
  "source": "rust_1arg",
  "v_rel": [
    0.1,
    0.1,
    0.1,
    0.1,
    0.1,
    0.419,
    1.0,
    2.113,
    2.275,
    2.344,
    1.31,
    1.4,
    2.057,
    2.3,
    2.45,
    2.5,
    2.513,
    2.517,
    2.538,
    1.53,
    1.024,
    0.704,
    0.628,
    1.021,
    2.145,
    2.471,
    2.669,
    2.762,
    1.904,
    0.697,
    0.646,
    2.869,
    3.775,
    3.717,
    3.7,
    3.775,
    3.825,
    1.431,
    0.335,
    1.0,
    1.794,
    2.7,
    1.071,
    0.69,
    1.906,
    3.346,
    3.45,
    3.45,
    3.458,
    2.311,
    2.494,
    4.091,
    4.18,
    4.19,
    4.21,
    4.18,
    4.13,
    4.12,
    4.12,
    0.655,
    0.182,
    0.1,
    0.1,
    0.1,
    0.1,
    0.1,
    0.1,
    0.1,
    0.1,
    0.1,
    0.1,
    0.1,
    0.1,
    0.1,
    0.1,
    0.1,
    0.1,
    0.1,
    0.158,
    0.181,
    0.1,
    0.386,
    1.563,
    1.588,
    0.363,
    0.1,
    0.1,
    1.69,
    3.283,
    3.8,
    3.225,
    1.04,
    0.1,
    0.1,
    0.1,
    0.597,
    0.681,
    0.424,
    0.529,
    0.328,
    0.1,
    0.1,
    0.1,
    0.1,
    0.1,
    0.1,
    0.164,
    0.533,
    0.375,
    0.1,
    0.1,
    0.1,
    0.1,
    0.1,
    0.1,
    0.1,
    0.1,
    0.1,
    0.1,
    0.1,
    0.1,
    0.1,
    0.1,
    1.1,
    2.633,
    3.43,
    3.722,
    3.75,
    3.764,
    3.767,
    3.85,
    3.925,
    3.917,
    3.925,
    3.925,
    3.917,
    3.917,
    3.917,
    1.204,
    1.172,
    3.808,
    0.525,
    0.1,
    0.1,
    0.1,
    0.117,
    0.1,
    0.1,
    0.1,
    0.1,
    0.1,
    0.1,
    0.1,
    0.1,
    0.1,
    0.1,
    0.167,
    0.208,
    0.1,
    0.1,
    0.1,
    0.1,
    0.711,
    1.57,
    2.05,
    2.556,
    2.925,
    2.9,
    2.912,
    3.111,
    3.436,
    3.573,
    3.57,
    3.255,
    2.079,
    2.3,
    3.331,
    3.285,
    3.417,
    3.467,
    1.07,
    0.1,
    0.1,
    0.821,
    2.676,
    3.2,
    3.179,
    3.179,
    3.392,
    3.809,
    4.0,
    3.992,
    4.0,
    0.889,
    0.1,
    0.1,
    0.1,
    0.1,
    0.1,
    0.1,
    0.1,
    0.1,
    0.1,
    0.168,
    0.272,
    0.282,
    0.789,
    0.932,
    0.638,
    0.433
  ],
  "watts": [
    0.00013500000000000003,
    0.00013500000000000003,
    0.00013500000000000003,
    0.00013500000000000003,
    0.00013500000000000003,
    1.6549498841399997,
    9.177339096175,
    37.60437883781999,
    21.635726394224996,
    18.914334495014995,
    10.35478878255,
    9.068904030749998,
    23.42609930958,
    20.22717742102499,
    19.492712168750007,
    17.461257108749994,
    16.454322219034278,
    16.214795510504995,
    16.856562613094994,
    11.6736262371,
    7.1704097862900005,
    4.80042582624,
    3.697455288419999,
    7.984787576159999,
    32.22310509999167,
    25.286871910185,
    23.842421152215,
    21.325793505854996,
    13.76689652709,
    7.200452808179999,
    3.730671959835,
    85.91644299009002,
    81.82054798492497,
    27.541578194655,
    27.240581415524996,
    33.06628931999998,
    32.01370545437502,
    14.853619256985,
    4.862926939575,
    10.032793896375,
    20.91053729289,
    53.08826777055,
    10.538980963559998,
    4.888446452324999,
    33.37473604343143,
    90.21716436126,
    30.84622092370001,
    24.523870117500003,
    25.101248233220005,
    17.53539000111,
    23.533246557465013,
    145.34925551721005,
    40.870510503074954,
    33.893627735250064,
    35.06488096499995,
    32.93859639675,
    32.36893444574999,
    32.13497521125,
    32.107467557999996,
    13.1728409625,
    2.3032044337049995,
    0.5007742891499999,
    0.00013500000000000003,
    0.00013500000000000003,
    0.00013500000000000003,
    0.00013500000000000003,
    0.00013500000000000003,
    0.00013500000000000003,
    0.00013500000000000003,
    0.00013500000000000003,
    0.00013500000000000003,
    0.00013500000000000003,
    0.00013500000000000003,
    0.00013500000000000003,
    0.00013500000000000003,
    0.00013500000000000003,
    0.15577461847499996,
    0.3420078389999999,
    0.6693958758971739,
    1.0426628852099995,
    0.4980235238249999,
    3.1592284970100004,
    38.04969161727,
    10.313092392795005,
    5.37320048892,
    0.9986628129749998,
    0.00013500000000000003,
    32.00494761425,
    92.52705604647,
    61.130258646974994,
    23.8522985175,
    11.883870751125,
    2.860930938,
    0.00013500000000000003,
    0.00013500000000000003,
    2.9205907386299996,
    3.844897152885,
    3.0498860623649997,
    2.8753661372400003,
    2.3621697030449997,
    0.9023860266,
    0.00013500000000000003,
    0.00013500000000000003,
    0.00013500000000000003,
    0.00013500000000000003,
    0.00013500000000000003,
    0.75349411074,
    5.544856880520001,
    2.504814055725,
    1.031671996875,
    0.00013500000000000003,
    0.00013500000000000003,
    0.00013500000000000003,
    0.00013500000000000003,
    0.00013500000000000003,
    0.00013500000000000003,
    0.00013500000000000003,
    0.00013500000000000003,
    0.00013500000000000003,
    0.00013500000000000003,
    0.00013500000000000003,
    0.00013500000000000003,
    0.00013500000000000003,
    14.519026857500004,
    66.24000807672,
    89.89738638547502,
    50.06600169587999,
    30.020262653399996,
    28.85200629748998,
    28.14365873208001,
    34.56774670552501,
    35.00247469874998,
    29.684744667405,
    30.321138825524997,
    29.756563348124995,
    29.684744667405,
    29.662738544804995,
    29.662738544804995,
    14.322289813964996,
    6.7531468726799995,
    143.89348348362,
    11.9386010751,
    1.6946064401999998,
    0.4870204625249999,
    0.23670081794999995,
    0.57804006078,
    0.564041891625,
    0.24220234859999995,
    0.00013500000000000003,
    0.00013500000000000003,
    0.00013500000000000003,
    0.00013500000000000003,
    0.00013500000000000003,
    0.00013500000000000003,
    0.00013500000000000003,
    0.00013500000000000003,
    0.7207687167800001,
    1.176508099995,
    0.5722941876,
    0.00013500000000000003,
    0.00013500000000000003,
    0.00013500000000000003,
    7.67626219926,
    28.781163641325,
    30.61668435149999,
    47.61151889511001,
    46.820755393199974,
    19.315723018125,
    20.29916463018,
    34.08064313766001,
    43.380332523334985,
    36.21183104772,
    25.791121271474996,
    23.42969220375,
    15.885684013814998,
