{
  "calibrated": false,
  "cg_build": "T15-cg_build-20251216",
  "metrics": {
    "cg_build": "T15-cg_build-20251216",
    "core_n_device_samples": 0,
    "core_watts_source": "disabled_no_powermeter",
    "drag_watt": 2.1201261069889163,
    "eff_used": 0.955,
    "gravity_watt": 0.0,
    "gravity_watt_pedal": 0.0,
    "model_watt_crank": 11.117254133967318,
    "model_watt_wheel": 10.616977697938788,
    "model_watt_wheel_pedal": 11.765638385575897,
    "model_watt_wheel_pedal_elapsed": 10.616977697938788,
    "model_watt_wheel_pedal_moving": 11.765638385575897,
    "pedal_ratio_elapsed_over_moving": 0.9023715798502433,
    "precision_watt": 11.117254133967318,
    "precision_watt_avg": 10.616977697938788,
    "precision_watt_crank": 11.117254133967318,
    "precision_watt_pedal": 12.320040194320311,
    "profile_used": {
      "calibrated": false,
      "weight_kg": 112.2,
      "cda": 0.3,
      "crr": 0.004,
      "crank_eff_pct": 95.5,
      "device": "strava",
      "profile_version": "v1-f3ec4656-20260121"
    },
    "rolling_watt": 8.496851590949872,
    "total_watt": 10.616977697938788,
    "total_watt_pedal": 11.765638385575897,
    "wind_effect": 0.55,
    "precision_watt_signed": 10.616977697938788,
    "total_watt_signed": 10.616977697938788,
    "gravity_watt_signed": 0.0,
    "model_watt_wheel_signed": 10.616977697938788,
    "calibration_mae": null,
    "calibrated": false,
    "calibration_status": "not_available",
    "estimated_error_pct_range": [
      null,
      null
    ],
    "precision_quality_hint": "no-heuristics-available",
    "weather_applied": false
  },
  "precision_watt_avg": 12.320040194320311,
  "source": "rust_1arg",
  "v_rel": [
    0.1,
    0.1,
    0.1,
    0.1,
    0.1,
    0.1,
    0.1,
    0.1,
    0.1,
    0.1,
    0.1,
    0.1,
    1.179,
    2.389,
    2.446,
    2.488,
    2.542,
    2.638,
    2.725,
    2.737,
    2.737,
    2.719,
    2.7,
    2.694,
    2.688,
    2.688,
    2.688,
    2.681,
    2.613,
    2.569,
    2.623,
    2.7,
    2.713,
    2.719,
    2.712,
    2.694,
    2.694,
    2.694,
    2.694,
    2.737,
    2.781,
    2.775,
    2.756,
    2.75,
    2.744,
    2.731,
    1.531,
    1.444,
    2.65,
    2.756,
    2.762,
    2.769,
    2.769,
    2.763,
    2.756,
    2.75,
    2.744,
    2.75,
    2.75,
    2.744,
    2.744,
    2.744,
    2.744,
    2.737,
    1.514,
    1.493,
    2.694,
    2.731,
    2.744,
    2.731,
    2.719,
    2.725,
    0.519,
    0.675,
    1.874,
    2.681,
    2.675,
    2.675,
    2.675,
    2.681,
    2.681,
    2.681,
    1.705,
    1.955,
    3.867,
    3.808,
    3.3,
    2.853,
    2.775,
    2.769,
    1.66,
    0.647,
    0.1,
    0.537,
    1.073,
    1.945,
    1.113,
    0.676,
    0.467,
    0.1,
    0.986,
    1.76,
    2.692,
    2.694,
    2.7,
    2.7,
    2.706,
    2.706,
    2.706,
    2.7,
    2.663,
    2.656,
    2.675,
    2.669,
    2.662,
    2.656,
    2.656,
    2.65,
    2.638,
    1.588,
    1.592,
    2.637,
    2.631,
    2.663,
    2.694,
    2.7,
    1.35,
    0.1,
    0.1,
    0.1,
    0.1,
    0.1,
    0.1,
    0.959,
    1.255,
    1.622,
    1.736,
    1.933,
    2.088,
    2.279,
    2.529,
    1.256,
    1.246,
    2.547,
    2.7,
    2.713,
    2.713,
    2.738,
    2.769,
    1.165,
    1.007,
    1.882,
    2.145,
    2.263,
    2.453,
    1.365,
    0.162,
    0.1,
    0.257,
    1.063,
    1.99,
    2.594,
    2.719,
    2.744,
    2.754,
    2.738,
    1.728,
    1.619,
    2.326,
    2.494,
    2.569,
    2.606,
    2.65,
    1.876,
    0.663,
    0.1,
    0.1,
    0.1,
    0.1,
    1.128,
    1.759,
    2.625,
    2.623,
    2.178,
    1.011,
    0.1,
    0.296,
    0.411,
    0.1,
    0.1,
    0.722,
    1.768,
    2.1,
    2.185,
    2.25,
    2.347,
    2.506,
    2.638,
    2.694,
    1.808,
    1.76,
    2.588,
    2.725,
    2.75,
    0.733,
    0.1,
    0.1,
    0.1,
    0.1,
    0.1,
    0.133,
    1.21,
    2.11,
    1.267,
    0.685,
    0.125,
    1.46,
    2.1,
    2.563,
    2.607,
    2.621,
    2.631,
    2.631,
    2.65,
    1.113,
    0.996,
    2.242,
    2.478,
    2.559,
    2.64,
    2.69,
    2.694,
    2.694,
    2.681,
    1.582,
    1.462,
    2.383,
    2.662,
    2.107,
    1.008,
    1.733,
    2.706,
    2.847,
    2.914,
    2.84,
    1.585,
    1.539,
    2.612,
    1.341,
    1.366,
    2.873,
    1.877,
    1.932,
    3.15,
    3.308,
    2.174,
    1.3
  ],