{
  "calibrated": false,
  "cg_build": "T15-cg_build-20251216",
  "metrics": {
    "cg_build": "T15-cg_build-20251216",
    "core_n_device_samples": 0,
    "core_watts_source": "disabled_no_powermeter",
    "drag_watt": 1.3793654690325912,
    "eff_used": 0.955,
    "gravity_watt": 0.0,
    "gravity_watt_pedal": 0.0,
    "model_watt_crank": 7.112951843366024,
    "model_watt_wheel": 6.792869010414552,
    "model_watt_wheel_pedal": 10.993060573301706,
    "model_watt_wheel_pedal_elapsed": 6.792869010414551,
    "model_watt_wheel_pedal_moving": 10.993060573301706,
    "pedal_ratio_elapsed_over_moving": 0.6179233676663304,
    "precision_watt": 7.112951843366024,
    "precision_watt_avg": 6.792869010414552,
    "precision_watt_crank": 7.112951843366024,
    "precision_watt_pedal": 11.51105819193896,
    "profile_used": {
      "calibrated": false,
      "weight_kg": 112.2,
      "cda": 0.3,
      "crr": 0.004,
      "crank_eff_pct": 95.5,
      "device": "strava",
      "profile_version": "v1-f3ec4656-20260121"
    },
    "rolling_watt": 5.413503541381961,
    "total_watt": 6.792869010414552,
    "total_watt_pedal": 10.993060573301706,
    "wind_effect": 0.55,
    "precision_watt_signed": 6.792869010414552,
    "total_watt_signed": 6.792869010414552,
    "gravity_watt_signed": 0.0,
    "model_watt_wheel_signed": 6.792869010414552,
    "calibration_mae": null,
    "calibrated": false,
    "calibration_status": "not_available",
    "estimated_error_pct_range": [
      null,
      null
    ],
    "precision_quality_hint": "no-heuristics-available",
    "weather_applied": false
  },
  "precision_watt_avg": 11.51105819193896,
  "source": "rust_1arg",
  "v_rel": [
    0.1,
    0.1,
    0.1,
    0.1,
    0.25,
    1.289,
    1.757,
    1.992,
    2.1,
    2.133,
    2.144,
    2.155,
    2.194,
    2.253,
    2.367,
    2.436,
    2.485,
    2.531,
    2.554,
    2.569,
    2.581,
    2.619,
    2.669,
    2.681,
    2.669,
    2.675,
    2.675,
    1.532,
    0.269,
    0.1,
    1.547,
    2.076,
    2.427,
    2.488,
    1.827,
    0.1,
    0.229,
    0.9,
    1.743,
    2.082,
    2.56,
    3.05,
    3.05,
    3.05,
    3.05,
    3.064,
    3.079,
    2.062,
    2.086,
    3.157,
    3.157,
    3.157,
    3.15,
    3.15,
    3.157,
    3.157,
    3.229,
    3.307,
    3.321,
    3.321,
    3.321,
    3.329,
    3.454,
    3.633,
    3.617,
    3.608,
    2.081,
    0.668,
    0.1,
    0.1,
    0.1,
    0.1,
    0.1,
    0.1,
    0.1,
    0.1,
    0.1,
    0.1,
    0.1,
    0.1,
    0.1,
    0.1,
    0.1,
    0.1,
    0.1,
    0.1,
    0.1,
    0.1,
    0.1,
    0.1,
    0.1,
    0.1,
    0.1,
    0.1,
    0.1,
    0.1,
    0.1,
    0.1,
    0.1,
    1.25,
    1.557,
    1.593,
    2.833,
    3.064,
    3.262,
    3.35,
    3.358,
    0.749,
    0.144,
    0.1,
    0.1,
    0.1,
    0.1,
    0.4,
    1.167,
    1.517,
    1.66,
    1.76,
    1.36,
    1.063,
    0.608,
    1.105,
    0.912,
    0.5,
    0.386,
    0.341,
    0.867,
    0.873,
    0.867,
    0.86,
    0.864,
    0.875,
    0.873,
    0.862,
    0.869,
    0.981,
    0.591,
    0.1,
    0.37,
    1.503,
    3.279,
    3.354,
    3.358,
    3.358,
    3.358,
    3.358,
    1.826,
    1.673,
    2.535,
    2.793,
    0.833,
    0.23,
    0.1,
    0.1,
    0.1,
    0.1,
    0.1,
    0.1,
    0.1,
    0.475,
    0.438,
    0.1,
    0.1,
    0.1,
    0.1,
    0.1,
    0.1,
    0.24,
    0.658,
    1.5,
    1.463,
    1.463,
    1.47,
    1.464,
    1.46,
    1.464,
    1.464,
    1.492,
    2.027,
    1.564,
    1.608,
    2.619,
    2.706,
    1.346,
    1.0,
    1.809,
    1.615,
    0.188,
    0.101,
    0.224,
    0.1,
    0.1,
    0.286,
    0.792,
    1.29,
    0.822,
    0.1,
    0.1,
    0.1,
    0.463,
    0.967,
    1.5,
    1.653,
    1.575,
    1.117
  ],
  "watts": [
    0.00013500000000000003,
    0.00013500000000000003,
    0.00013500000000000003,
    0.00013500000000000003,
    1.85855070625,
    19.47340376199,
    19.107578867505,
    21.264699274305,
    17.464888629900006,
    14.913233541719997,
    13.623369902865006,
    13.618755255299984,
    14.340346955265002,
    15.41200528433667,
    17.781819058004995,
    18.881799206534996,
    17.299066883699993,
    17.60469585448501,
    17.548912985264977,
    16.91994243369,
    16.920934930785,
    18.11480894896501,
    18.966877920314992,
    17.768299266285,
    17.283320370465,
    17.509013774924988,
    17.300669566874998,
    12.057881225955,
    4.95675614004,
    1.0014135782999998,
    17.175904797255,
    29.09378204423501,
    24.16874680368,
    17.701609826594996,
    12.692835875579998,
    5.025783248774999,
    1.12186982294,
    11.703841031925,
    21.87331297392,
    20.832971680304993,
    32.81668302722143,
    41.29256784824998,
    20.609972857499997,
    20.609972857499997,
    20.609972857499997,
    21.38746202649001,
    21.577032123882866,
    15.325270350104995,
    13.43340936708857,
    63.67224046953001,
    21.616068232605,
    21.616068232605,
    21.568620029775,
    21.5493646725,
    21.950635575330008,
    21.616068232605,
    25.796333851107857,
    26.94718282043356,
    23.920439270835015,
    23.215288385385,
    23.215288385385,
    23.699474750265,
    32.148966239115,
    37.829194421769984,
    26.331260231505,
    26.214923254244997,
    16.86571008846,
    7.602094358744999,
    2.1127227696,
    0.27521153249999997,
    0.00013500000000000003,
    0.00013500000000000003,
    0.00013500000000000003,
    0.00013500000000000003,
    0.00013500000000000003,
    0.00013500000000000003,
    0.00013500000000000003,
    0.00013500000000000003,
    0.00013500000000000003,
    0.00013500000000000003,
    0.00013500000000000003,
    0.00013500000000000003,
    0.00013500000000000003,
    0.00013500000000000003,
    0.092147737575,
    0.22105949534999997,
    0.24495311392499997,
    0.3200915325,
    0.316473012375,
    0.15692862352499998,
    0.00013500000000000003,
    0.00013500000000000003,
    0.00013500000000000003,
    0.00013500000000000003,
    0.00013500000000000003,
    0.00013500000000000003,
    0.00013500000000000003,
    0.00013500000000000003,
    0.00013500000000000003,
    13.441711864583333,
    10.775390596356312,
    10.005862379445,
    59.22875213451644,
    31.021671250964992,
    33.79848564423,
    28.703789553900005,
    24.06571562622,
    11.354118805889998,
    2.4568365430649997,
    0.3962452067999999,
    0.00013500000000000003,
    0.00013500000000000003,
    0.00013500000000000003,
    4.1009461300000005,
    27.000332366780004,
    25.421126613055,
    22.100134947525,
    16.539007171500003,
    8.921974374,
    6.827260583819999,
    4.626870879194999,
    8.0782975461,
    5.650697981804999,
    3.9009556389,
    2.444942259509999,
    2.00515938711,
    8.503247208747858,
    5.022573378795,
    4.874313104504999,
    4.836439276274999,
    4.89386831374,
    5.052876503299999,
    4.898158501395,
    4.859045869154999,
    4.93513695279,
    6.110513822592692,
    4.352070475484999,
    1.6258373070749998,
    1.3737163252500002,
    22.61773551772714,
    85.97760565184358,
    27.99079544236501,
    23.82598908752,
    23.58596334882,
    23.58596334882,
    23.58596334882,
    15.08189982156,
    10.257079981469998,
    39.21084853822501,
    28.61405625700929,
    10.052306355945,
    2.925706085475,
    0.79785694425,
    0.16518091949999997,
    0.00013500000000000003,
    0.00013500000000000003,
    0.00013500000000000003,
    0.28191367327499994,
    0.5599878157749999,
    2.9402207649999994,
    2.522792477445,
    1.48004674485,
    0.5227804117499999,
    0.24770387924999995,
    0.00013500000000000003,
    0.00013500000000000003,
    0.00013500000000000003,
    0.985185918,
    13.03760765397,
    31.875706471349996,
    8.57325123732,
    8.471472920295,
    8.688790153224996,
    8.494346484989999,
    8.463376170299998,
    8.57619643174,
    8.477841893039999,
    9.24296251158,
    24.00646463838,
    10.394466991515,
