{
  "calibrated": false,
  "cg_build": "T15-cg_build-20251216",
  "metrics": {
    "cg_build": "T15-cg_build-20251216",
    "core_n_device_samples": 0,
    "core_watts_source": "disabled_no_powermeter",
    "drag_watt": 1.771465603028359,
    "eff_used": 0.955,
    "gravity_watt": 0.0,
    "gravity_watt_pedal": 0.0,
    "model_watt_crank": 5.226872509930643,
    "model_watt_wheel": 4.991663246983764,
    "model_watt_wheel_pedal": 13.10633580289544,
    "model_watt_wheel_pedal_elapsed": 4.991663246983765,
    "model_watt_wheel_pedal_moving": 13.10633580289544,
    "pedal_ratio_elapsed_over_moving": 0.3808587939491838,
    "precision_watt": 5.226872509930643,
    "precision_watt_avg": 4.991663246983764,
    "precision_watt_crank": 5.226872509930643,
    "precision_watt_pedal": 13.723911835492608,
    "profile_used": {
      "calibrated": false,
      "weight_kg": 83.0,
      "cda": 0.3,
      "crr": 0.004,
      "crank_eff_pct": 95.5,
      "device": "strava",
      "profile_version": "v1-766f4722-20260121"
    },
    "rolling_watt": 3.2201976439554048,
    "total_watt": 4.991663246983764,
    "total_watt_pedal": 13.10633580289544,
    "wind_effect": 0.55,
    "precision_watt_signed": 4.991663246983764,
    "total_watt_signed": 4.991663246983764,
    "gravity_watt_signed": 0.0,
    "model_watt_wheel_signed": 4.991663246983764,
    "calibration_mae": null,
    "calibrated": false,
    "calibration_status": "not_available",
    "estimated_error_pct_range": [
      null,
      null
    ],
    "precision_quality_hint": "no-heuristics-available",
    "weather_applied": false
  },
  "precision_watt_avg": 13.723911835492608,
  "source": "rust_1arg",
  "v_rel": [
    0.1,
    0.1,
    0.1,
    0.1,
    0.1,
    0.1,
    0.193,
    1.088,
    1.678,
    1.878,
    0.975,
    0.1,
    0.1,
    0.1,
    0.1,
    0.1,
    0.1,
    0.1,
    0.1,
    0.1,
    0.1,
    0.1,
    0.44,
    1.967,
    2.7,
    2.8,
    2.817,
    2.814,
    2.822,
    2.9,
    3.08,
    3.15,
    3.11,
    3.21,
    3.355,
    3.383,
    3.383,
    3.433,
    3.5,
    3.492,
    3.475,
    3.467,
    3.458,
    3.525,
    3.567,
    3.517,
    3.467,
    3.442,
    3.425,
    3.458,
    3.483,
    3.467,
    3.458,
    3.492,
    3.392,
    3.064,
    2.914,
    3.107,
    3.477,
    3.725,
    3.658,
    3.617,
    3.617,
    3.592,
    3.517,
    3.442,
    3.392,
    1.347,
    0.563,
    1.25,
    1.4,
    0.923,
    0.644,
    0.175,
    0.1,
    0.1,
    0.1,
    0.1,
    0.1,
    0.1,
    0.1,
    0.1,
    0.1,
    0.1,
    0.1,
    0.169,
    0.515,
    1.433,
    2.292,
    2.417,
    1.617,
    0.2,
    0.1,
    0.1,
    0.1,
    0.1,
    0.1,
    0.1,
    0.1,
    0.362,
    1.744,
    3.244,
    3.26,
    3.278,
    3.41,
    3.425,
    3.408,
    3.6,
    3.7,
    2.237,
    1.835,
    2.535,
    3.238,
    3.617,
    3.8,
    3.783,
    3.783,
    3.733,
    1.567,
    1.454,
    3.064,
    3.207,
    0.419,
    0.173,
    0.264,
    0.1,
    0.1,
    0.1,
    0.1,
    0.1,
    0.1,
    0.1,
    0.1,
    0.1,
    0.1,
    0.1,
    0.1,
    0.1,
    0.1,
    0.1,
    0.1,
    0.1,
    0.1,
    0.1,
    0.1,
    0.1,
    0.1,
    0.218,
    1.209,
    2.69,
    3.362,
    3.643,
    3.69,
    3.717,
    3.717,
    3.717,
    2.21,
    1.891,
    2.681,
    3.071,
    3.029,
    1.16,
    0.968,
    2.13,
    2.907,
    1.974,
    1.909,
    1.086,
    0.882,
    2.163,
    3.383,
    3.392,
    0.864,
    0.136,
    0.1,
    0.1,
    0.1,
    0.1,
    0.1,
    0.1,
    0.1,
    0.1,
    0.1,
    0.1,
    0.1,
    0.1,
    0.1,
    0.1,
    0.1,
    0.243,
    1.778,
    3.386,
    3.412,
    3.422,
    3.4,
    3.378,
    3.375,
    3.367,
    3.35,
    3.533,
    3.85,
    3.92,
    3.955,
    4.03,
    3.982,
    3.825,
    3.733,
    3.7,
    3.658,
    3.658,
    1.871,
    1.896,
    3.667,
    3.542,
    3.517,
    3.5,
    3.467,
    3.458,
    0.971,
    0.7,
    1.592,
    3.517,
    0.946,
    0.13,
    0.1,
    0.1,
    0.1,
    0.1,
    0.1,
    0.1,
    0.1,
    0.1,
    0.1,
    0.1,
    0.1,
    0.1,
    0.1,
    0.1,
    0.1,
    0.1,
    0.1,
    0.1
  ],